Ticker,Name
MSFT,MICROSOFT CORP
AAPL,APPLE INC
NVDA,NVIDIA CORP
AMZN,AMAZON COM INC
META,META PLATFORMS INC CLASS A
GOOGL,ALPHABET INC CLASS A
BRKB,BERKSHIRE HATHAWAY INC CLASS B
GOOG,ALPHABET INC CLASS C
LLY,ELI LILLY
JPM,JPMORGAN CHASE & CO
AVGO,BROADCOM INC
TSLA,TESLA INC
XOM,EXXON MOBIL CORP
UNH,UNITEDHEALTH GROUP INC
V,VISA INC CLASS A
MA,MASTERCARD INC CLASS A
HD,HOME DEPOT INC
PG,PROCTER & GAMBLE
JNJ,JOHNSON & JOHNSON
MRK,MERCK & CO INC
COST,COSTCO WHOLESALE CORP
ABBV,ABBVIE INC
AMD,ADVANCED MICRO DEVICES INC
CRM,SALESFORCE INC
CVX,CHEVRON CORP
BAC,BANK OF AMERICA CORP
NFLX,NETFLIX INC
WMT,WALMART INC
PEP,PEPSICO INC
KO,COCA-COLA
ADBE,ADOBE INC
LIN,LINDE PLC
DIS,WALT DISNEY
TMO,THERMO FISHER SCIENTIFIC INC
ACN,ACCENTURE PLC CLASS A
WFC,WELLS FARGO
MCD,MCDONALDS CORP
CSCO,CISCO SYSTEMS INC
ABT,ABBOTT LABORATORIES
ORCL,ORACLE CORP
GE,GENERAL ELECTRIC
QCOM,QUALCOMM INC
CAT,CATERPILLAR INC
INTC,INTEL CORPORATION CORP
INTU,INTUIT INC
VZ,VERIZON COMMUNICATIONS INC
IBM,INTERNATIONAL BUSINESS MACHINES CO
AMAT,APPLIED MATERIAL INC
CMCSA,COMCAST CORP CLASS A
DHR,DANAHER CORP
TXN,TEXAS INSTRUMENT INC
PFE,PFIZER INC
NOW,SERVICENOW INC
COP,CONOCOPHILLIPS
AMGN,AMGEN INC
UBER,UBER TECHNOLOGIES INC
UNP,UNION PACIFIC CORP
LOW,LOWES COMPANIES INC
PM,PHILIP MORRIS INTERNATIONAL INC
RTX,RTX CORP
ISRG,INTUITIVE SURGICAL INC
HON,HONEYWELL INTERNATIONAL INC
SPGI,S&P GLOBAL INC
AXP,AMERICAN EXPRESS
GS,GOLDMAN SACHS GROUP INC
NEE,NEXTERA ENERGY INC
MU,MICRON TECHNOLOGY INC
LRCX,LAM RESEARCH CORP
SYK,STRYKER CORP
BKNG,BOOKING HOLDINGS INC
T,AT&T INC
ETN,EATON PLC
BLK,BLACKROCK INC
ELV,ELEVANCE HEALTH INC
PGR,PROGRESSIVE CORP
C,CITIGROUP INC
PLD,PROLOGIS REIT INC
MDT,MEDTRONIC PLC
TJX,TJX INC
NKE,NIKE INC CLASS B
BMY,BRISTOL MYERS SQUIBB
MS,MORGAN STANLEY
BA,BOEING
UPS,UNITED PARCEL SERVICE INC CLASS B
VRTX,VERTEX PHARMACEUTICALS INC
SCHW,CHARLES SCHWAB CORP
DE,DEERE
CB,CHUBB LTD
CI,CIGNA
ADP,AUTOMATIC DATA PROCESSING INC
CVS,CVS HEALTH CORP
MMC,MARSH & MCLENNAN INC
SBUX,STARBUCKS CORP
BSX,BOSTON SCIENTIFIC CORP
REGN,REGENERON PHARMACEUTICALS INC
ADI,ANALOG DEVICES INC
LMT,LOCKHEED MARTIN CORP
FI,FISERV INC
MDLZ,MONDELEZ INTERNATIONAL INC CLASS A
KLAC,KLA CORP
BX,BLACKSTONE INC
AMT,AMERICAN TOWER REIT CORP
GILD,GILEAD SCIENCES INC
PANW,PALO ALTO NETWORKS INC
WM,WASTE MANAGEMENT INC
SNPS,SYNOPSYS INC
CDNS,CADENCE DESIGN SYSTEMS INC
SHW,SHERWIN WILLIAMS
TGT,TARGET CORP
ITW,ILLINOIS TOOL INC
TMUS,T MOBILE US INC
CMG,CHIPOTLE MEXICAN GRILL INC
ZTS,ZOETIS INC CLASS A
SLB,SCHLUMBERGER NV
MO,ALTRIA GROUP INC
SO,SOUTHERN
ICE,INTERCONTINENTAL EXCHANGE INC
CME,CME GROUP INC CLASS A
EQIX,EQUINIX REIT INC
EOG,EOG RESOURCES INC
DUK,DUKE ENERGY CORP
MPC,MARATHON PETROLEUM CORP
CL,COLGATE-PALMOLIVE
CSX,CSX CORP
ANET,ARISTA NETWORKS INC
PYPL,PAYPAL HOLDINGS INC
PSX,PHILLIPS
BDX,BECTON DICKINSON
MCK,MCKESSON CORP
PH,PARKER-HANNIFIN CORP
XTSLA,BLK CSH FND TREASURY SL AGENCY
USB,US BANCORP
GD,GENERAL DYNAMICS CORP
ABNB,AIRBNB INC CLASS A
CRWD,CROWDSTRIKE HOLDINGS INC CLASS A
TT,TRANE TECHNOLOGIES PLC
NOC,NORTHROP GRUMMAN CORP
FCX,FREEPORT MCMORAN INC
APH,AMPHENOL CORP CLASS A
FDX,FEDEX CORP
ORLY,OREILLY AUTOMOTIVE INC
KKR,KKR AND CO INC
HCA,HCA HEALTHCARE INC
AON,AON PLC CLASS A
TDG,TRANSDIGM GROUP INC
EMR,EMERSON ELECTRIC
PNC,PNC FINANCIAL SERVICES GROUP INC
PCAR,PACCAR INC
MCO,MOODYS CORP
PXD,PIONEER NATURAL RESOURCE
MRVL,MARVELL TECHNOLOGY INC
MAR,MARRIOTT INTERNATIONAL INC CLASS A
CTAS,CINTAS CORP
ROP,ROPER TECHNOLOGIES INC
CEG,CONSTELLATION ENERGY CORP
APO,APOLLO GLOBAL MANAGEMENT INC
MSI,MOTOROLA SOLUTIONS INC
MMM,3M
NSC,NORFOLK SOUTHERN CORP
VLO,VALERO ENERGY CORP
EW,EDWARDS LIFESCIENCES CORP
ECL,ECOLAB INC
COF,CAPITAL ONE FINANCIAL CORP
ADSK,AUTODESK INC
AIG,AMERICAN INTERNATIONAL GROUP INC
WDAY,WORKDAY INC CLASS A
AZO,AUTOZONE INC
APD,AIR PRODUCTS AND CHEMICALS INC
DXCM,DEXCOM INC
AJG,ARTHUR J GALLAGHER
HLT,HILTON WORLDWIDE HOLDINGS INC
TRV,TRAVELERS COMPANIES INC
GM,GENERAL MOTORS
F,FORD MOTOR CO
WELL,WELLTOWER INC
TFC,TRUIST FINANCIAL CORP
SMCI,SUPER MICRO COMPUTER INC
SPG,SIMON PROPERTY GROUP REIT INC
SNOW,SNOWFLAKE CLASS A
AFL,AFLAC INC
CPRT,COPART INC
DHI,D R HORTON INC
URI,UNITED RENTALS INC
NUE,NUCOR CORP
ROST,ROSS STORES INC
CARR,CARRIER GLOBAL CORP
MCHP,MICROCHIP TECHNOLOGY INC
WMB,WILLIAMS INC
SQ,BLOCK INC CLASS A
OKE,ONEOK INC
MET,METLIFE INC
IQV,IQVIA HOLDINGS INC
CCI,CROWN CASTLE INC
ALL,ALLSTATE CORP
PSA,PUBLIC STORAGE REIT
COIN,COINBASE GLOBAL INC CLASS A
AEP,AMERICAN ELECTRIC POWER INC
O,REALTY INCOME REIT CORP
SRE,SEMPRA
GWW,WW GRAINGER INC
FERG,FERGUSON PLC
OXY,OCCIDENTAL PETROLEUM CORP
IDXX,IDEXX LABORATORIES INC
PLTR,PALANTIR TECHNOLOGIES INC CLASS A
MNST,MONSTER BEVERAGE CORP
JCI,JOHNSON CONTROLS INTERNATIONAL PLC
FIS,FIDELITY NATIONAL INFORMATION SERV
FTNT,FORTINET INC
AMP,AMERIPRISE FINANCE INC
FAST,FASTENAL
KMB,KIMBERLY CLARK CORP
BK,BANK OF NEW YORK MELLON CORP
STZ,CONSTELLATION BRANDS INC CLASS A
DLR,DIGITAL REALTY TRUST REIT INC
LULU,LULULEMON ATHLETICA INC
MSCI,MSCI INC
ODFL,OLD DOMINION FREIGHT LINE INC
DASH,DOORDASH INC CLASS A
A,AGILENT TECHNOLOGIES INC
HUM,HUMANA INC
HES,HESS CORP
PRU,PRUDENTIAL FINANCIAL INC
AME,AMETEK INC
CNC,CENTENE CORP
LEN,LENNAR A CORP
D,DOMINION ENERGY INC
OTIS,OTIS WORLDWIDE CORP
NEM,NEWMONT
COR,CENCORA INC
DOW,DOW INC
CTVA,CORTEVA INC
SYY,SYSCO CORP
LHX,L3HARRIS TECHNOLOGIES INC
USD,USD CASH
CMI,CUMMINS INC
GIS,GENERAL MILLS INC
PAYX,PAYCHEX INC
RSG,REPUBLIC SERVICES INC
CSGP,COSTAR GROUP INC
YUM,YUM BRANDS INC
LNG,CHENIERE ENERGY INC
IR,INGERSOLL RAND INC
TTD,TRADE DESK INC CLASS A
MLM,MARTIN MARIETTA MATERIALS INC
GEHC,GE HEALTHCARE TECHNOLOGIES INC
KR,KROGER
EXC,EXELON CORP
PWR,QUANTA SERVICES INC
KVUE,KENVUE INC
SPOT,SPOTIFY TECHNOLOGY SA
CTSH,COGNIZANT TECHNOLOGY SOLUTIONS COR
IT,GARTNER INC
KMI,KINDER MORGAN INC
VMC,VULCAN MATERIALS
EA,ELECTRONIC ARTS INC
MRNA,MODERNA INC
EL,ESTEE LAUDER INC CLASS A
FANG,DIAMONDBACK ENERGY INC
HAL,HALLIBURTON
GPN,GLOBAL PAYMENTS INC
CDW,CDW CORP
DDOG,DATADOG INC CLASS A
DG,DOLLAR GENERAL CORP
PCG,PG&E CORP
PPG,PPG INDUSTRIES INC
VRSK,VERISK ANALYTICS INC
VEEV,VEEVA SYSTEMS INC CLASS A
ROK,ROCKWELL AUTOMATION INC
BKR,BAKER HUGHES CLASS A
ADM,ARCHER DANIELS MIDLAND
ACGL,ARCH CAPITAL GROUP LTD
PEG,PUBLIC SERVICE ENTERPRISE GROUP IN
DD,DUPONT DE NEMOURS INC
DFS,DISCOVER FINANCIAL SERVICES
RCL,ROYAL CARIBBEAN GROUP LTD
DVN,DEVON ENERGY CORP
EFX,EQUIFAX INC
ED,CONSOLIDATED EDISON INC
ON,ON SEMICONDUCTOR CORP
MPWR,MONOLITHIC POWER SYSTEMS INC
DAL,DELTA AIR LINES INC
BIIB,BIOGEN INC
EXR,EXTRA SPACE STORAGE REIT INC
VICI,VICI PPTYS INC
FTV,FORTIVE CORP
XYL,XYLEM INC
HIG,HARTFORD FINANCIAL SERVICES GROUP
FICO,FAIR ISAAC CORP
TEAM,ATLASSIAN CORP CLASS A
ANSS,ANSYS INC
KHC,KRAFT HEINZ
XEL,XCEL ENERGY INC
WST,WEST PHARMACEUTICAL SERVICES INC
KDP,KEURIG DR PEPPER INC
CBRE,CBRE GROUP INC CLASS A
CHTR,CHARTER COMMUNICATIONS INC CLASS A
HUBS,HUBSPOT INC
HSY,HERSHEY FOODS
RMD,RESMED INC
MTD,METTLER TOLEDO INC
NET,CLOUDFLARE INC CLASS A
TSCO,TRACTOR SUPPLY
WTW,WILLIS TOWERS WATSON PLC
NU,NU HOLDINGS LTD CLASS A
VRT,VERTIV HOLDINGS CLASS A
CAH,CARDINAL HEALTH INC
ZBH,ZIMMER BIOMET HOLDINGS INC
EBAY,EBAY INC
DLTR,DOLLAR TREE INC
KEYS,KEYSIGHT TECHNOLOGIES INC
ICLR,ICON PLC
EIX,EDISON INTERNATIONAL
TROW,T ROWE PRICE GROUP INC
LYB,LYONDELLBASELL INDUSTRIES NV CLASS
AVB,AVALONBAY COMMUNITIES REIT INC
HPQ,HP INC
WY,WEYERHAEUSER REIT
WAB,WESTINGHOUSE AIR BRAKE TECHNOLOGIE
WEC,WEC ENERGY GROUP INC
HWM,HOWMET AEROSPACE INC
PHM,PULTEGROUP INC
CHD,CHURCH AND DWIGHT INC
ULTA,ULTA BEAUTY INC
GLW,CORNING INC
ALGN,ALIGN TECHNOLOGY INC
MSTR,MICROSTRATEGY INC CLASS A
BLDR,BUILDERS FIRSTSOURCE INC
FITB,FIFTH THIRD BANCORP
TRGP,TARGA RESOURCES CORP
DOV,DOVER CORP
TTWO,TAKE TWO INTERACTIVE SOFTWARE INC
MDB,MONGODB INC CLASS A
VST,VISTRA CORP
MTB,M&T BANK CORP
RJF,RAYMOND JAMES INC
BR,BROADRIDGE FINANCIAL SOLUTIONS INC
DECK,DECKERS OUTDOOR CORP
MOH,MOLINA HEALTHCARE INC
NVR,NVR INC
AWK,AMERICAN WATER WORKS INC
SBAC,SBA COMMUNICATIONS REIT CORP CLASS
EQR,EQUITY RESIDENTIAL REIT
DTE,DTE ENERGY
STT,STATE STREET CORP
IRM,IRON MOUNTAIN INC
NDAQ,NASDAQ INC
GRMN,GARMIN LTD
HPE,HEWLETT PACKARD ENTERPRISE
STE,STERIS
ARE,ALEXANDRIA REAL ESTATE EQUITIES RE
STLD,STEEL DYNAMICS INC
HUBB,HUBBELL INC
WDC,WESTERN DIGITAL CORP
ARES,ARES MANAGEMENT CORP CLASS A
ETR,ENTERGY CORP
AXON,AXON ENTERPRISE INC
IFF,INTERNATIONAL FLAVORS & FRAGRANCES
CPAY,CORPAY INC
BAX,BAXTER INTERNATIONAL INC
INVH,INVITATION HOMES INC
ILMN,ILLUMINA INC
NTAP,NETAPP INC
APTV,APTIV PLC
GPC,GENUINE PARTS
PTC,PTC INC
ES,EVERSOURCE ENERGY
ENTG,ENTEGRIS INC
CTRA,COTERRA ENERGY INC
FE,FIRSTENERGY CORP
BRO,BROWN & BROWN INC
BALL,BALL CORP
PPL,PPL CORP
WAT,WATERS CORP
PFG,PRINCIPAL FINANCIAL GROUP INC
PINS,PINTEREST INC CLASS A
WSM,WILLIAMS SONOMA INC
HBAN,HUNTINGTON BANCSHARES INC
DRI,DARDEN RESTAURANTS INC
LPLA,LPL FINANCIAL HOLDINGS INC
MKL,MARKEL GROUP INC
TDY,TELEDYNE TECHNOLOGIES INC
COO,COOPER INC
CBOE,CBOE GLOBAL MARKETS INC
MKC,MCCORMICK & CO NON-VOTING INC
RF,REGIONS FINANCIAL CORP
AEE,AMEREN CORP
CPNG,COUPANG INC CLASS A
VLTO,VERALTO CORP
RS,RELIANCE STEEL & ALUMINUM
J,JACOBS SOLUTIONS INC
OMC,OMNICOM GROUP INC
CSL,CARLISLE COMPANIES INC
BAH,BOOZ ALLEN HAMILTON HOLDING CORP C
WBD,WARNER BROS. DISCOVERY INC SERIES
LVS,LAS VEGAS SANDS CORP
ALNY,ALNYLAM PHARMACEUTICALS INC
CINF,CINCINNATI FINANCIAL CORP
TXT,TEXTRON INC
CLX,CLOROX
DKNG,DRAFTKINGS INC CLASS A
LH,LABORATORY CORPORATION OF AMERICA
EXPE,EXPEDIA GROUP INC
IEX,IDEX CORP
CNP,CENTERPOINT ENERGY INC
HOLX,HOLOGIC INC
LDOS,LEIDOS HOLDINGS INC
AVY,AVERY DENNISON CORP
MAS,MASCO CORP
FSLR,FIRST SOLAR INC
EXPD,EXPEDITORS INTERNATIONAL OF WASHIN
NTRS,NORTHERN TRUST CORP
WRB,WR BERKLEY CORP
FCNCA,FIRST CITIZENS BANCSHARES INC CLAS
RBLX,ROBLOX CORP CLASS A
ATO,ATMOS ENERGY CORP
LUV,SOUTHWEST AIRLINES
TYL,TYLER TECHNOLOGIES INC
SWKS,SKYWORKS SOLUTIONS INC
CMS,CMS ENERGY CORP
FDS,FACTSET RESEARCH SYSTEMS INC
DPZ,DOMINOS PIZZA INC
SYF,SYNCHRONY FINANCIAL
EG,EVEREST GROUP LTD
VTR,VENTAS REIT INC
TER,TERADYNE INC
AVTR,AVANTOR INC
ZS,ZSCALER INC
PKG,PACKAGING CORP OF AMERICA
VRSN,VERISIGN INC
CFG,CITIZENS FINANCIAL GROUP INC
CE,CELANESE CORP
GDDY,GODADDY INC CLASS A
ZM,ZOOM VIDEO COMMUNICATIONS INC CLAS
JBL,JABIL INC
LYV,LIVE NATION ENTERTAINMENT INC
MRO,MARATHON OIL CORP
TSN,TYSON FOODS INC CLASS A
EME,EMCOR GROUP INC
JBHT,JB HUNT TRANSPORT SERVICES INC
BMRN,BIOMARIN PHARMACEUTICAL INC
CF,CF INDUSTRIES HOLDINGS INC
OKTA,OKTA INC CLASS A
ENPH,ENPHASE ENERGY INC
AKAM,AKAMAI TECHNOLOGIES INC
CCL,CARNIVAL CORP
SUI,SUN COMMUNITIES REIT INC
BBY,BEST BUY CO INC
NDSN,NORDSON CORP
ESS,ESSEX PROPERTY TRUST REIT INC
ZBRA,ZEBRA TECHNOLOGIES CORP CLASS A
TRMB,TRIMBLE INC
WBA,WALGREEN BOOTS ALLIANCE INC
SAIA,SAIA INC
TRU,TRANSUNION
NRG,NRG ENERGY INC
GGG,GRACO INC
UAL,UNITED AIRLINES HOLDINGS INC
LW,LAMB WESTON HOLDINGS INC
POOL,POOL CORP
EPAM,EPAM SYSTEMS INC
MANH,MANHATTAN ASSOCIATES INC
LII,LENNOX INTERNATIONAL INC
RPM,RPM INTERNATIONAL INC
SNA,SNAP ON INC
MAA,MID AMERICA APARTMENT COMMUNITIES
ALB,ALBEMARLE CORP
PSTG,PURE STORAGE INC CLASS A
DGX,QUEST DIAGNOSTICS INC
NTNX,NUTANIX INC CLASS A
KEY,KEYCORP
SWK,STANLEY BLACK & DECKER INC
K,KELLANOVA
OC,OWENS CORNING
BURL,BURLINGTON STORES INC
BG,BUNGE GLOBAL SA
HST,HOST HOTELS & RESORTS REIT INC
L,LOEWS CORP
WSO,WATSCO INC
VTRS,VIATRIS INC
LECO,LINCOLN ELECTRIC HOLDINGS INC
BLD,TOPBUILD CORP
SSNC,SS AND C TECHNOLOGIES HOLDINGS INC
LKQ,LKQ CORP
PNR,PENTAIR
CAG,CONAGRA BRANDS INC
CRL,CHARLES RIVER LABORATORIES INTERNA
KMX,CARMAX INC
APP,APPLOVIN CORP CLASS A
FNF,FIDELITY NATIONAL FINANCIAL INC
AMCR,AMCOR PLC
XPO,XPO INC
RBA,RB GLOBAL INC
TOL,TOLL BROTHERS INC
NBIX,NEUROCRINE BIOSCIENCES INC
FND,FLOOR DECOR HOLDINGS INC CLASS A
IP,INTERNATIONAL PAPER
OVV,OVINTIV INC
EQT,EQT CORP
DOC,HEALTHPEAK PROPERTIES INC
RGA,REINSURANCE GROUP OF AMERICA INC
ACM,AECOM
RVTY,REVVITY INC
EQH,EQUITABLE HOLDINGS INC
JKHY,JACK HENRY AND ASSOCIATES INC
SJM,JM SMUCKER
MGM,MGM RESORTS INTERNATIONAL
HOOD,ROBINHOOD MARKETS INC CLASS A
LNT,ALLIANT ENERGY CORP
IPG,INTERPUBLIC GROUP OF COMPANIES INC
DKS,DICKS SPORTING INC
KIM,KIMCO REALTY REIT CORP
FWONK,LIBERTY MEDIA FORMULA ONE CORP SER
CNHI,CNH INDUSTRIAL N.V. NV
WRK,WESTROCK
EXAS,EXACT SCIENCES CORP
NVT,NVENT ELECTRIC PLC
HEIA,HEICO CORP CLASS A
UDR,UDR REIT INC
DOCU,DOCUSIGN INC
WPC,W. P. CAREY REIT INC
GEN,GEN DIGITAL INC
AMH,AMERICAN HOMES RENT REIT CLASS A
USFD,US FOODS HOLDING CORP
SWAV,SHOCKWAVE MEDICAL INC
DT,DYNATRACE INC
AES,AES CORP
RNR,RENAISSANCERE HOLDING LTD
EMN,EASTMAN CHEMICAL
EVRG,EVERGY INC
CASY,CASEYS GENERAL STORES INC
CELH,CELSIUS HOLDINGS INC
TW,TRADEWEB MARKETS INC CLASS A
ROL,ROLLINS INC
PODD,INSULET CORP
GLPI,GAMING AND LEISURE PROPERTIES REIT
WMS,ADVANCED DRAINAGE SYSTEMS INC
RRX,REGAL REXNORD CORP
IBKR,INTERACTIVE BROKERS GROUP INC CLAS
TAP,MOLSON COORS BREWING CLASS B
PFGC,PERFORMANCE FOOD GROUP
JNPR,JUNIPER NETWORKS INC
ALLE,ALLEGION PLC
SRPT,SAREPTA THERAPEUTICS INC
NI,NISOURCE INC
BBWI,BATH AND BODY WORKS INC
KNSL,KINSALE CAPITAL GROUP INC
FIX,COMFORT SYSTEMS USA INC
ELS,EQUITY LIFESTYLE PROPERTIES REIT I
QRVO,QORVO INC
HII,HUNTINGTON INGALLS INDUSTRIES INC
ITT,ITT INC
TPR,TAPESTRY INC
CHK,CHESAPEAKE ENERGY CORP
FFIV,F5 INC
RPRX,ROYALTY PHARMA PLC CLASS A
CLF,CLEVELAND CLIFFS INC
TECH,BIO TECHNE CORP
EWBC,EAST WEST BANCORP INC
FTI,TECHNIPFMC PLC
REG,REGENCY CENTERS REIT CORP
ALLY,ALLY FINANCIAL INC
FBIN,FORTUNE BRANDS INNOVATIONS INC
UHS,UNIVERSAL HEALTH SERVICES INC CLAS
TFX,TELEFLEX INC
THC,TENET HEALTHCARE CORP
REXR,REXFORD INDUSTRIAL REALTY REIT INC
TPL,TEXAS PACIFIC LAND CORP
WYNN,WYNN RESORTS LTD
LSCC,LATTICE SEMICONDUCTOR CORP
WING,WINGSTOP INC
MOS,MOSAIC
AOS,A O SMITH CORP
TREX,TREX INC
SCI,SERVICE
APA,APA CORP
TXRH,TEXAS ROADHOUSE INC
INCY,INCYTE CORP
ELF,ELF BEAUTY INC
LAMR,LAMAR ADVERTISING COMPANY CLAS
WEX,WEX INC
PAYC,PAYCOM SOFTWARE INC
DOX,AMDOCS LTD
GL,GLOBE LIFE INC
UTHR,UNITED THERAPEUTICS CORP
HRL,HORMEL FOODS CORP
TWLO,TWILIO INC CLASS A
BXP,BOSTON PROPERTIES REIT INC
CPT,CAMDEN PROPERTY TRUST REIT
NTRA,NATERA INC
CLH,CLEAN HARBORS INC
NWSA,NEWS CORP CLASS A
MTCH,MATCH GROUP INC
RGEN,REPLIGEN CORP
CG,CARLYLE GROUP INC
HSIC,HENRY SCHEIN INC
AAL,AMERICAN AIRLINES GROUP INC
CTLT,CATALENT INC
CNM,CORE & MAIN INC CLASS A
BSY,BENTLEY SYSTEMS INC CLASS B
AFG,AMERICAN FINANCIAL GROUP INC
CUBE,CUBESMART REIT
FIVE,FIVE BELOW INC
BJ,BJS WHOLESALE CLUB HOLDINGS INC
TTEK,TETRA TECH INC
AIZ,ASSURANT INC
DINO,HF SINCLAIR CORP
DAY,DAYFORCE INC
BWXT,BWX TECHNOLOGIES INC
NLY,ANNALY CAPITAL MANAGEMENT REIT INC
CW,CURTISS WRIGHT CORP
TTC,TORO
GWRE,GUIDEWIRE SOFTWARE INC
QGEN,QIAGEN NV
BRKR,BRUKER CORP
CHE,CHEMED CORP
BFB,BROWN FORMAN CORP CLASS B
WTRG,ESSENTIAL UTILITIES INC
WWD,WOODWARD INC
TPX,TEMPUR SEALY INTERNATIONAL INC
ATR,APTARGROUP INC
JLL,JONES LANG LASALLE INC
TOST,TOAST INC CLASS A
MEDP,MEDPACE HOLDINGS INC
EXP,EAGLE MATERIALS INC
DCI,DONALDSON INC
ONTO,ONTO INNOVATION INC
GPK,GRAPHIC PACKAGING HOLDING
X,US STEEL CORP
NCLH,NORWEGIAN CRUISE LINE HOLDINGS LTD
CVNA,CARVANA CLASS A
LNW,LIGHT WONDER INC
CHDN,CHURCHILL DOWNS INC
SSD,SIMPSON MANUFACTURING INC
PRI,PRIMERICA INC
WBS,WEBSTER FINANCIAL CORP
ACI,ALBERTSONS COMPANY INC CLASS A
UNM,UNUM
SCCO,SOUTHERN COPPER CORP
CZR,CAESARS ENTERTAINMENT INC
CROX,CROCS INC
CHRW,CH ROBINSON WORLDWIDE INC
MKSI,MKS INSTRUMENTS INC
KBR,KBR INC
KNX,KNIGHT-SWIFT TRANSPORTATION HOLDIN
MIDD,MIDDLEBY CORP
LEA,LEAR CORP
AYI,ACUITY BRANDS INC
CACI,CACI INTERNATIONAL INC CLASS A
FHN,FIRST HORIZON CORP
PNW,PINNACLE WEST CORP
WSC,WILLSCOT MOBILE MINI HOLDINGS CORP
ETSY,ETSY INC
ARMK,ARAMARK
HEI,HEICO CORP
PVH,PVH CORP
GNTX,GENTEX CORP
PATH,UIPATH INC CLASS A
MTN,VAIL RESORTS INC
BEN,FRANKLIN RESOURCES INC
XP,XP CLASS A INC
CPB,CAMPBELL SOUP
AFRM,AFFIRM HOLDINGS INC CLASS A
RHI,ROBERT HALF
VKTX,VIKING THERAPEUTICS INC
SWN,SOUTHWESTERN ENERGY
AR,ANTERO RESOURCES CORP
OWL,BLUE OWL CAPITAL INC CLASS A
CCK,CROWN HOLDINGS INC
OSK,OSHKOSH CORP
EGP,EASTGROUP PROPERTIES REIT INC
APG,API GROUP CORP
GLOB,GLOBANT SA
MKTX,MARKETAXESS HOLDINGS INC
MUSA,MURPHY USA INC
PR,PERMIAN RESOURCES CORP CLASS A
ORI,OLD REPUBLIC INTERNATIONAL CORP
RGLD,ROYAL GOLD INC
ROKU,ROKU INC CLASS A
BWA,BORGWARNER INC
FRT,FEDERAL REALTY INVESTMENT TRUST RE
PEN,PENUMBRA INC
RRC,RANGE RESOURCES CORP
SKX,SKECHERS USA INC CLASS A
SITE,SITEONE LANDSCAPE SUPPLY INC
ESTC,ELASTIC NV
OLED,UNIVERSAL DISPLAY CORP
LAD,LITHIA MOTORS INC
WFRD,WEATHERFORD INTERNATIONAL PLC
ELAN,ELANCO ANIMAL HEALTH INC
EHC,ENCOMPASS HEALTH CORP
COHR,COHERENT CORP
FMC,FMC CORP
RBC,RBC BEARINGS INC
BRBR,BELLRING BRANDS INC
INGR,INGREDION INC
JEF,JEFFERIES FINANCIAL GROUP INC
MORN,MORNINGSTAR INC
AIT,APPLIED INDUSTRIAL TECHNOLOGIES IN
AXTA,AXALTA COATING SYSTEMS LTD
GNRC,GENERAC HOLDINGS INC
NNN,NNN REIT INC
OHI,OMEGA HEALTHCARE INVESTORS REIT IN
FOXA,FOX CORP CLASS A
Z,ZILLOW GROUP INC CLASS C
RL,RALPH LAUREN CORP CLASS A
NOV,NOV INC
U,UNITY SOFTWARE INC
SF,STIFEL FINANCIAL CORP
AGCO,AGCO CORP
UFPI,UFP INDUSTRIES INC
MTDR,MATADOR RESOURCES
DVA,DAVITA INC
CHRD,CHORD ENERGY CORP
CMA,COMERICA INC
WCC,WESCO INTERNATIONAL INC
BIO,BIO RAD LABORATORIES INC CLASS A
ALSN,ALLISON TRANSMISSION HOLDINGS INC
JAZZ,JAZZ PHARMACEUTICALS PLC
CIEN,CIENA CORP
DAR,DARLING INGREDIENTS INC
EXEL,EXELIXIS INC
OLN,OLIN CORP
ACHC,ACADIA HEALTHCARE COMPANY INC
HAS,HASBRO INC
VOYA,VOYA FINANCIAL INC
VNT,VONTIER CORP
XRAY,DENTSPLY SIRONA INC
RIVN,RIVIAN AUTOMOTIVE INC CLASS A
SEIC,SEI INVESTMENTS
CGNX,COGNEX CORP
WAL,WESTERN ALLIANCE
STAG,STAG INDUSTRIAL REIT INC
PCTY,PAYLOCITY HOLDING CORP
HRB,H&R BLOCK INC
SOFI,SOFI TECHNOLOGIES INC
MAT,MATTEL INC
SAIC,SCIENCE APPLICATIONS INTERNATIONAL
PCVX,VAXCYTE INC
ATKR,ATKORE INC
COLD,AMERICOLD REALTY INC TRUST
OGE,OGE ENERGY CORP
NYT,NEW YORK TIMES CLASS A
BRX,BRIXMOR PROPERTY GROUP REIT INC
HQY,HEALTHEQUITY INC
AGNC,AGNC INVESTMENT REIT CORP
H,HYATT HOTELS CORP CLASS A
MSA,MSA SAFETY INC
CMC,COMMERCIAL METALS
ENSG,ENSIGN GROUP INC
ARW,ARROW ELECTRONICS INC
GTLS,CHART INDUSTRIES INC
BERY,BERRY GLOBAL GROUP INC
BILL,BILL HOLDINGS INC
AZEK,AZEK COMPANY INC CLASS A
CHX,CHAMPIONX CORP
NXT,NEXTRACKER INC CLASS A
EVR,EVERCORE INC CLASS A
FCN,FTI CONSULTING INC
SIGI,SELECTIVE INSURANCE GROUP INC
BC,BRUNSWICK CORP
CFR,CULLEN FROST BANKERS INC
MHK,MOHAWK INDUSTRIES INC
SPSC,SPS COMMERCE INC
FR,FIRST INDUSTRIAL REALTY TRUST INC
RMBS,RAMBUS INC
LYFT,LYFT INC CLASS A
PARA,PARAMOUNT GLOBAL CLASS B
LBRDK,LIBERTY BROADBAND CORP SERIES C
RHP,RYMAN HOSPITALITY PROPERTIES REIT
SFM,SPROUTS FARMERS MARKET INC
FN,FABRINET
SSB,SOUTHSTATE CORP
UHALB,U HAUL NON VOTING SERIES N
LSTR,LANDSTAR SYSTEM INC
HLI,HOULIHAN LOKEY INC CLASS A
WTFC,WINTRUST FINANCIAL CORP
FTAI,FTAI AVIATION LTD
SNX,TD SYNNEX CORP
GMED,GLOBUS MEDICAL INC CLASS A
ESNT,ESSENT GROUP LTD
PNFP,PINNACLE FINANCIAL PARTNERS INC
MUR,MURPHY OIL CORP
MTH,MERITAGE CORP
ZION,ZIONS BANCORPORATION
CYTK,CYTOKINETICS INC
NOVT,NOVANTA INC
PCOR,PROCORE TECHNOLOGIES INC
CR,CRANE
WHR,WHIRLPOOL CORP
DBX,DROPBOX INC CLASS A
BFAM,BRIGHT HORIZONS FAMILY SOLUTIONS I
MTG,MGIC INVESTMENT CORP
CBSH,COMMERCE BANCSHARES INC
HXL,HEXCEL CORP
MASI,MASIMO CORP
BPOP,POPULAR INC
BECN,BEACON ROOFING SUPPLY INC
ITCI,INTRA CELLULAR THERAPIES INC
FAF,FIRST AMERICAN FINANCIAL CORP
ATI,ATI INC
BCC,BOISE CASCADE
ESAB,ESAB CORP
TMHC,TAYLOR MORRISON HOME CORP
PBF,PBF ENERGY INC CLASS A
GXO,GXO LOGISTICS INC
QLYS,QUALYS INC
MLI,MUELLER INDUSTRIES INC
DUOL,DUOLINGO INC CLASS A
IONS,IONIS PHARMACEUTICALS INC
IVZ,INVESCO LTD
INSP,INSPIRE MEDICAL SYSTEMS INC
FLR,FLUOR CORP
WH,WYNDHAM HOTELS RESORTS INC
AA,ALCOA CORP
AZPN,ASPEN TECHNOLOGY INC
CIVI,CIVITAS RESOURCES INC
CFLT,CONFLUENT INC CLASS A
FLS,FLOWSERVE CORP
ANF,ABERCROMBIE AND FITCH CLASS A
SM,SM ENERGY
RLI,RLI CORP
MTZ,MASTEC INC
NXST,NEXSTAR MEDIA GROUP INC
THO,THOR INDUSTRIES INC
HOG,HARLEY DAVIDSON INC
IBP,INSTALLED BUILDING PRODUCTS INC
APLS,APELLIS PHARMACEUTICALS INC
G,GENPACT LTD
STWD,STARWOOD PROPERTY TRUST REIT INC
TENB,TENABLE HOLDINGS INC
AAON,AAON INC
FYBR,FRONTIER COMMUNICATIONS PARENT INC
ADC,AGREE REALTY REIT CORP
S,SENTINELONE INC CLASS A
AMG,AFFILIATED MANAGERS GROUP INC
LPX,LOUISIANA PACIFIC CORP
DTM,DT MIDSTREAM INC
LFUS,LITTELFUSE INC
TRNO,TERRENO REALTY REIT CORP
VVV,VALVOLINE INC
MSFUT,CASH COLLATERAL MSFUT USD
SPXC,SPX TECHNOLOGIES INC
OMF,ONEMAIN HOLDINGS INC
SON,SONOCO PRODUCTS
NE,NOBLE CORPORATION PLC
AWI,ARMSTRONG WORLD INDUSTRIES INC
SNV,SYNOVUS FINANCIAL CORP
PB,PROSPERITY BANCSHARES INC
KEX,KIRBY CORP
WTS,WATTS WATER TECHNOLOGIES INC CLASS
RYAN,RYAN SPECIALTY HOLDINGS INC CLASS
ST,SENSATA TECHNOLOGIES HOLDING PLC
W,WAYFAIR INC CLASS A
OPCH,OPTION CARE HEALTH INC
BPMC,BLUEPRINT MEDICINES CORP
M,MACYS INC
ESI,ELEMENT SOLUTIONS INC
GPS,GAP INC
PII,POLARIS INC
AL,AIR LEASE CORP CLASS A
HALO,HALOZYME THERAPEUTICS INC
TKR,TIMKEN
RH,RH
SUM,SUMMIT MATERIALS INC CLASS A
CWST,CASELLA WASTE SYSTEMS INC CLASS A
R,RYDER SYSTEM INC
LNC,LINCOLN NATIONAL CORP
RITM,RITHM CAPITAL CORP
VRNS,VARONIS SYSTEMS INC
POST,POST HOLDINGS INC
VFC,VF CORP
PLNT,PLANET FITNESS INC CLASS A
SEE,SEALED AIR CORP
FRPT,FRESHPET INC
HR,HEALTHCARE REALTY TRUST INC CLASS
TKO,TKO GROUP HOLDINGS INC CLASS A
ALK,ALASKA AIR GROUP INC
MTSI,MACOM TECHNOLOGY SOLUTIONS INC
ETRN,EQUITRANS MIDSTREAM CORP
EXLS,EXLSERVICE HOLDINGS INC
UGI,UGI CORP
WLK,WESTLAKE CORP
CPRI,CAPRI HOLDINGS LTD
MMS,MAXIMUS INC
AXS,AXIS CAPITAL HOLDINGS LTD
NSIT,INSIGHT ENTERPRISES INC
GTLB,GITLAB INC CLASS A
EEFT,EURONET WORLDWIDE INC
VNO,VORNADO REALTY TRUST REIT
ASO,ACADEMY SPORTS AND OUTDOORS INC
MOD,MODINE MANUFACTURING
OLLI,OLLIES BARGAIN OUTLET HOLDINGS INC
APPF,APPFOLIO INC CLASS A
OZK,BANK OZK
ONB,OLD NATIONAL BANCORP
AN,AUTONATION INC
ASH,ASHLAND INC
RDN,RADIAN GROUP INC
AAP,ADVANCE AUTO PARTS INC
CRUS,CIRRUS LOGIC INC
ZI,ZOOMINFO TECHNOLOGIES INC
SMAR,SMARTSHEET INC CLASS A
FNB,FNB CORP
AIRC,APARTMENT INCOME REIT CORP
NFG,NATIONAL FUEL GAS
MDU,MDU RESOURCES GROUP INC
COOP,MR COOPER GROUP INC
BYD,BOYD GAMING CORP
BMI,BADGER METER INC
SWX,SOUTHWEST GAS HOLDINGS INC
ZWS,ZURN ELKAY WATER SOLUTIONS CORP
CBT,CABOT CORP
DV,DOUBLEVERIFY HOLDINGS INC
DLB,DOLBY LABORATORIES INC CLASS A
FSS,FEDERAL SIGNAL CORP
HOMB,HOME BANCSHARES INC
KBH,KB HOME
KD,KYNDRYL HOLDINGS INC
OGN,ORGANON
THG,HANOVER INSURANCE GROUP INC
UBSI,UNITED BANKSHARES INC
AGO,ASSURED GUARANTY LTD
ABG,ASBURY AUTOMOTIVE GROUP INC
MARA,MARATHON DIGITAL HOLDINGS INC
STNE,STONECO LTD CLASS A
JHG,JANUS HENDERSON GROUP PLC
RVMD,REVOLUTION MEDICINES INC
SRCL,STERICYCLE INC
BCPC,BALCHEM CORP
SLM,SLM CORP
FELE,FRANKLIN ELECTRIC INC
VMI,VALMONT INDS INC
ASGN,ASGN INC
RYN,RAYONIER REIT INC
MGY,MAGNOLIA OIL GAS CORP CLASS A
AEO,AMERICAN EAGLE OUTFITTERS INC
AM,ANTERO MIDSTREAM CORP
GKOS,GLAUKOS CORP
HRI,HERC HOLDINGS INC
JXN,JACKSON FINANCIAL INC CLASS A
FCFS,FIRSTCASH HOLDINGS INC
KNF,KNIFE RIVER CORP
MOGA,MOOG INC CLASS A
LAZ,LAZARD INC
GATX,GATX CORP
AVT,AVNET INC
ALTR,ALTAIR ENGINEERING INC CLASS A
FIVN,FIVE9 INC
PECO,PHILLIPS EDISON AND COMPANY INC
FUL,HB FULLER
SLAB,SILICON LABORATORIES INC
TDW,TIDEWATER INC
IDA,IDACORP INC
KRG,KITE REALTY GROUP TRUST REIT
MSM,MSC INDUSTRIAL INC CLASS A
LSXMK,LIBERTY MEDIA LIBERTY SIRIUSXM COR
PRGO,PERRIGO PLC
COTY,COTY INC CLASS A
VAL,VALARIS LTD
DXC,DXC TECHNOLOGY
MMSI,MERIT MEDICAL SYSTEMS INC
SIG,SIGNET JEWELERS LTD
FLO,FLOWERS FOODS INC
HUN,HUNTSMAN CORP
SPR,SPIRIT AEROSYSTEMS INC CLASS A
HAE,HAEMONETICS CORP
WTM,WHITE MOUNTAINS INSURANCE GROUP LT
TEX,TEREX CORP
ALTM,ARCADIUM LITHIUM PLC
AEL,AMERICAN EQUITY INVESTMENT LIFE HO
ALKS,ALKERMES
GBCI,GLACIER BANCORP INC
ALIT,ALIGHT INC CLASS A
SKY,SKYLINE CHAMPION CORP
BIPC,BROOKFIELD INFRASTRUCTURE CORP CLA
HP,HELMERICH & PAYNE INC
NJR,NEW JERSEY RESOURCES CORP
KRC,KILROY REALTY REIT CORP
CVLT,COMMVAULT SYSTEMS INC
FFIN,FIRST FINANCIAL BANKSHARES INC
POR,PORTLAND GENERAL ELECTRIC
TNET,TRINET GROUP INCINARY
NEU,NEWMARKET CORP
COKE,COCA COLA CONSOLIDATED INC
POWI,POWER INTEGRATIONS INC
CLSK,CLEANSPARK INC
EXPO,EXPONENT INC
WK,WORKIVA INC CLASS A
CADE,CADENCE BANK
EPRT,ESSENTIAL PROPERTIES REALTY TRUST
ACA,ARCOSA INC
LOPE,GRAND CANYON EDUCATION INC
GPI,GROUP AUTOMOTIVE INC
ITRI,ITRON INC
KAI,KADANT INC
LNTH,LANTHEUS HOLDINGS INC
HWC,HANCOCK WHITNEY CORP
IAC,IAC INC
CCCS,CCC INTELLIGENT SOLUTIONS HOLDINGS
ENS,ENERSYS
GMS,GMS INC
PTEN,PATTERSON UTI ENERGY INC
GFS,GLOBALFOUNDRIES INC
MAN,MANPOWER INC
BCO,BRINKS
CRC,CALIFORNIA RESOURCES CORP
SLGN,SILGAN HOLDINGS INC
CBZ,CBIZ INC
ITGR,INTEGER HOLDINGS CORP
BOX,BOX INC CLASS A
FOX,FOX CORP CLASS B
BHVN,BIOHAVEN LTD
CNX,CNX RESOURCES CORP
COLB,COLUMBIA BANKING SYSTEM INC
MATX,MATSON INC
HLNE,HAMILTON LANE INC CLASS A
VAC,MARRIOTT VACATIONS WORLDWIDE CORP
AVAV,AEROVIRONMENT INC
LANC,LANCASTER COLONY CORP
KRYS,KRYSTAL BIOTECH INC
BDC,BELDEN INC
PK,PARK HOTELS RESORTS INC
GT,GOODYEAR TIRE & RUBBER
NSP,INSPERITY INC
DY,DYCOM INDUSTRIES INC
MDGL,MADRIGAL PHARMACEUTICALS INC
RARE,ULTRAGENYX PHARMACEUTICAL INC
NPO,ENPRO INC
PCH,POTLATCHDELTIC CORP
CSWI,CSW INDUSTRIALS INC
TDC,TERADATA CORP
KMPR,KEMPER CORP
WU,WESTERN UNION
CACC,CREDIT ACCEPTANCE CORP
WIRE,ENCORE WIRE CORP
CC,CHEMOURS
MAC,MACERICH REIT
AMR,ALPHA METALLURGICAL RESOURCE INC
SANM,SANMINA CORP
SYNA,SYNAPTICS INC
AVNT,AVIENT CORP
BBIO,BRIDGEBIO PHARMA INC
TPH,TRI POINTE HOMES INC
FOUR,SHIFT4 PAYMENTS INC CLASS A
MHO,M I HOMES INC
PBH,PRESTIGE CONSUMER HEALTHCARE INC
INSM,INSMED INC
ACLS,AXCELIS TECHNOLOGIES INC
PIPR,PIPER SANDLER COMPANIES
SHAK,SHAKE SHACK INC CLASS A
AEIS,ADVANCED ENERGY INDUSTRIES INC
ESGR,ENSTAR GROUP LTD
ROIV,ROIVANT SCIENCES LTD
MSGS,MADISON SQUARE GARDEN SPORTS CORP
UMBF,UMB FINANCIAL CORP
NOG,NORTHERN OIL AND GAS INC
WOLF,WOLFSPEED INC
BL,BLACKLINE INC
HGV,HILTON GRAND VACATIONS INC
BKH,BLACK HILLS CORP
CUZ,COUSINS PROPERTIES REIT INC
CRS,CARPENTER TECHNOLOGY CORP
CHH,CHOICE HOTELS INTERNATIONAL INC
HI,HILLENBRAND INC
CVCO,CAVCO INDUSTRIES INC
EVH,EVOLENT HEALTH INC CLASS A
BXMT,BLACKSTONE MORTGAGE TRUST REIT CLA
FOLD,AMICUS THERAPEUTICS INC
IOVA,IOVANCE BIOTHERAPEUTICS INC
FTRE,FORTREA HOLDINGS INC
MDC,MDC HOLDINGS INC
AMKR,AMKOR TECHNOLOGY INC
IRT,INDEPENDENCE REALTY INC TRUST
OGS,ONE GAS INC
SBRA,SABRA HEALTH CARE REIT INC
SLG,SL GREEN REALTY REIT CORP
FORM,FORMFACTOR INC
KFY,KORN FERRY
VRRM,VERRA MOBILITY CORP CLASS A
SWTX,SPRINGWORKS THERAPEUTICS INC
TNL,TRAVEL LEISURE
IRTC,IRHYTHM TECHNOLOGIES INC
NVST,ENVISTA HOLDINGS CORP
MC,MOELIS CLASS A
ORA,ORMAT TECH INC
ACIW,ACI WORLDWIDE INC
STNG,SCORPIO TANKERS INC
CLVT,CLARIVATE PLC
OTTR,OTTER TAIL CORP
STRL,STERLING INFRASTRUCTURE INC
WDFC,WD-40
JBT,JOHN BEAN TECHNOLOGIES CORP
CAVA,CAVA GROUP INC
WEN,WENDYS
NEOG,NEOGEN CORP
LITE,LUMENTUM HOLDINGS INC
PSN,PARSONS CORP
BHF,BRIGHTHOUSE FINANCIAL INC
ALE,ALLETE INC
TPG,TPG INC CLASS A
VLY,VALLEY NATIONAL
GME,GAMESTOP CORP CLASS A
SFBS,SERVISFIRST BANCSHARES INC
TXG,10X GENOMICS INC CLASS A
APLE,APPLE HOSPITALITY REIT INC
ALRM,ALARM.COM HOLDINGS INC
AXNX,AXONICS INC
NSA,NATIONAL STORAGE AFFILIATES TRUST
HCC,WARRIOR MET COAL INC
IRDM,IRIDIUM COMMUNICATIONS INC
ARWR,ARROWHEAD PHARMACEUTICALS INC
ARCB,ARCBEST CORP
CNO,CNO FINANCIAL GROUP INC
EPR,EPR PROPERTIES REIT
ENOV,ENOVIS CORP
YETI,YETI HOLDINGS INC
WHD,CACTUS INC CLASS A
AZTA,AZENTA INC
PAG,PENSKE AUTOMOTIVE GROUP VOTING INC
LBRT,LIBERTY ENERGY INC CLASS A
DIOD,DIODES INC
LCII,LCI INDUSTRIES
KSS,KOHLS CORP
SKT,TANGER INC
KTB,KONTOOR BRANDS INC
NWS,NEWS CORP CLASS B
ASB,ASSOCIATED BANCORP
BEPC,BROOKFIELD RENEWABLE SUBORDINATE V
REZI,RESIDEO TECHNOLOGIES INC
RDNT,RADNET INC
RNG,RINGCENTRAL INC CLASS A
PNM,PNM RESOURCES INC
MQ,MARQETA INC CLASS A
IOSP,INNOSPEC INC
BLKB,BLACKBAUD INC
AX,AXOS FINANCIAL INC
TGNA,TEGNA INC
CRI,CARTERS INC
ENV,ENVESTNET INC
SR,SPIRE INC
RUSHA,RUSH ENTERPRISES INC CLASS A
IBOC,INTERNATIONAL BANCSHARES CORP
ZD,ZIFF DAVIS INC
VC,VISTEON CORP
WD,WALKER & DUNLOP INC
ADNT,ADIENT PLC
URBN,URBAN OUTFITTERS INC
PRMW,PRIMO WATER CORP
SPT,SPROUT SOCIAL INC CLASS A
SHOO,STEVEN MADDEN LTD
GFF,GRIFFON CORP
DOOR,MASONITE INTERNATIONAL CORP
COLM,COLUMBIA SPORTSWEAR
AMED,AMEDISYS INC
DBRG,DIGITALBRIDGE GROUP INC CLASS A
IIPR,INNOVATIVE INDUSTRIAL PROPERTIES I
IDCC,INTERDIGITAL INC
HL,HECLA MINING
PGNY,PROGYNY INC
TCBI,TEXAS CAPITAL BANCSHARES INC
ARCH,ARCH RESOURCES INC CLASS A
SEM,SELECT MEDICAL HOLDINGS CORP
CRNX,CRINETICS PHARMACEUTICALS INC
SMG,SCOTTS MIRACLE GRO
AXSM,AXSOME THERAPEUTICS INC
GHC,GRAHAM HOLDINGS COMPANY CLASS B
NWE,NORTHWESTERN ENERGY GROUP CORP
IDYA,IDEAYA BIOSCIENCES INC
NWL,NEWELL BRANDS INC
SXT,SENSIENT TECHNOLOGIES CORP
ABCB,AMERIS BANCORP
CERE,CEREVEL THERAPEUTICS HOLDINGS INC
DOCS,DOXIMITY INC CLASS A
PENN,PENN ENTERTAINMENT INC
GNW,GENWORTH FINANCIAL A INC
SKYW,SKYWEST INC
GTES,GATES INDUSTRIAL PLC
ABM,ABM INDUSTRIES INC
CXT,CRANE NXT
FBP,FIRST BANCORP
CTRE,CARETRUST REIT INC
BOOT,BOOT BARN HOLDINGS INC
QTWO,Q2 HOLDINGS INC
FHB,FIRST HAWAIIAN INC
SMPL,THE SIMPLY GOOD FOODS COMPANY
FRSH,FRESHWORKS INC CLASS A
IPGP,IPG PHOTONICS CORP
LIVN,LIVANOVA PLC
RRR,RED ROCK RESORTS ORS CLASS A INC
TRIP,TRIPADVISOR INC
EVTC,EVERTEC INC
GVA,GRANITE CONSTRUCTION INC
NCNO,NCINO INC
ZG,ZILLOW GROUP INC CLASS A
KLIC,KULICKE AND SOFFA INDUSTRIES INC
MGRC,MCGRATH RENT
ACLX,ARCELLX INC
CCOI,COGENT COMMUNICATIONS HOLDINGS INC
FLYW,FLYWIRE CORP
GO,GROCERY OUTLET HOLDING CORP
HASI,HANNON ARMSTRONG SUSTAINABLE INFRA
PAGS,PAGSEGURO DIGITAL LTD CLASS A
BFA,BROWN FORMAN CORP CLASS A
HUBG,HUB GROUP INC CLASS A
KTOS,KRATOS DEFENSE AND SECURITY SOLUTI
MGEE,MGE ENERGY INC
AIN,ALBANY INTERNATIONAL CORP CLASS A
FTDR,FRONTDOOR INC
RPD,RAPID7 INC
CNXC,CONCENTRIX CORP
KOS,KOSMOS ENERGY LTD
MPW,MEDICAL PROPERTIES TRUST REIT INC
BTU,PEABODY ENERGY CORP
YELP,YELP INC
AWR,AMERICAN STATES WATER
HELE,HELEN OF TROY LTD
WSFS,WSFS FINANCIAL CORP
SAM,BOSTON BEER INC CLASS A
VSH,VISHAY INTERTECHNOLOGY INC
MWA,MUELLER WATER PRODUCTS INC SERIES
APGE,APOGEE THERAPEUTICS INC
ICFI,ICF INTERNATIONAL INC
PI,IMPINJ INC
MTX,MINERALS TECHNOLOGIES INC
BNL,BROADSTONE NET LEASE INC
RXO,RXO INC
KWR,QUAKER CHEMICAL CORP
PINC,PREMIER INC CLASS A
OI,O I GLASS INC
CWT,CALIFORNIA WATER SERVICE GROUP
MYRG,MYR GROUP INC
SPB,SPECTRUM BRANDS HOLDINGS INC
CDP,COPT DEFENSE PROPERTIES
BOKF,BOK FINANCIAL CORP
NMIH,NMI HOLDINGS INC CLASS A
RELY,REMITLY GLOBAL INC
NHI,NATIONAL HEALTH INVESTORS REIT INC
DORM,DORMAN PRODUCTS INC
UNF,UNIFIRST CORP
NARI,INARI MEDICAL INC
HIW,HIGHWOODS PROPERTIES REIT INC
PEGA,PEGASYSTEMS INC
UEC,URANIUM ENERGY CORP
ESE,ESCO TECHNOLOGIES INC
PLXS,PLEXUS CORP
IPAR,INTER PARFUMS INC
RUN,SUNRUN INC
SITC,SITE CENTERS CORP
AGR,AVANGRID INC
PATK,PATRICK INDUSTRIES INC
HHH,HOWARD HUGHES HOLDINGS INC
LRN,STRIDE INC
BEAM,BEAM THERAPEUTICS INC
LEG,LEGGETT & PLATT INC
CLDX,CELLDEX THERAPEUTICS INC
LGIH,LGI HOMES INC
QDEL,QUIDELORTHO CORP
CCS,CENTURY COMMUNITIES INC
FULT,FULTON FINANCIAL CORP
AROC,ARCHROCK INC
CALM,CAL MAINE FOODS INC
IART,INTEGRA LIFESCIENCES HOLDINGS CORP
AUB,ATLANTIC UNION BANKSHARES CORP
APAM,ARTISAN PARTNERS ASSET MANAGEMENT
CEIX,CONSOL ENERGY INC
DNB,DUN BRADST HLDG INC
BGC,BGC GROUP INC CLASS A
CBU,COMMUNITY BANK SYSTEM INC
CSTM,CONSTELLIUM SE CLASS A
DOCN,DIGITALOCEAN HOLDINGS INC
LXP,LXP INDUSTRIAL TRUST
TDOC,TELADOC HEALTH INC
CATY,CATHAY GENERAL BANCORP
SDRL,SEADRILL LTD
PRIM,PRIMORIS SERVICES CORP
UCBI,UNITED COMMUNITY BANKS INC
CAR,AVIS BUDGET GROUP INC
BLMN,BLOOMIN BRANDS INC
DNLI,DENALI THERAPEUTICS INC
HCP,HASHICORP INC CLASS A
SFNC,SIMMONS FIRST NATIONAL CORP CLASS
MTRN,MATERION CORP
ROAD,CONSTRUCTION PARTNERS INC CLASS A
ROCK,GIBRALTAR INDUSTRIES INC
OUT,OUTFRONT MEDIA INC
OSIS,OSI SYSTEMS INC
IGT,INTERNATIONAL GAME TECHNOLOGY PLC
SIRI,SIRIUS XM HOLDINGS INC
TMDX,TRANSMEDICS GROUP INC
BOH,BANK OF HAWAII CORP
FIBK,FIRST INTERSTATE BANCSYSTEM INC
NTLA,INTELLIA THERAPEUTICS INC
MBC,MASTERBRAND INC
MIR,MIRION TECHNOLOGIES INC CLASS A
WERN,WERNER ENTERPRISES INC
ACAD,ACADIA PHARMACEUTICALS INC
AVA,AVISTA CORP
SG,SWEETGREEN INC CLASS A
ACVA,ACV AUCTIONS INC CLASS A
CPK,CHESAPEAKE UTILITIES CORP
CNMD,CONMED CORP
PRGS,PROGRESS SOFTWARE CORP
GOLF,ACUSHNET HOLDINGS CORP
PSMT,PRICESMART INC
DEI,DOUGLAS EMMETT REIT INC
CVBF,CVB FINANCIAL CORP
PFSI,PENNYMAC FINANCIAL SERVICES INC
QS,QUANTUMSCAPE CORP CLASS A
SONO,SONOS INC
MODG,TOPGOLF CALLAWAY BRANDS CORP
ARRY,ARRAY TECHNOLOGIES INC
BRZE,BRAZE INC CLASS A
CRDO,CREDO TECHNOLOGY GROUP HOLDING LTD
STRA,STRATEGIC EDUCATION INC
CABO,CABLE ONE INC
SHO,SUNSTONE HOTEL INVESTORS REIT INC
GLNG,GOLAR LNG LTD
NYCB,NEW YORK COMMUNITY BANCORP INC
PD,PAGERDUTY INC
VCEL,VERICEL CORP
GH,GUARDANT HEALTH INC
XRX,XEROX HOLDINGS CORP
AMN,AMN HEALTHCARE INC
ARVN,ARVINAS INC
INDB,INDEPENDENT BANK CORP
PARR,PAR PACIFIC HOLDINGS INC
EAT,BRINKER INTERNATIONAL INC
JBLU,JETBLUE AIRWAYS CORP
PLUS,EPLUS
LENB,LENNAR CORP CLASS B
PDCO,PATTERSON COMPANIES INC
CARG,CARGURUS INC CLASS A
PLAY,DAVE AND BUSTERS ENTERTAINMENT INC
JJSF,J AND J SNACK FOODS CORP
ROG,ROGERS CORP
VSTS,VESTIS CORP
FL,FOOT LOCKER INC
SGRY,SURGERY PARTNERS INC
PJT,PJT PARTNERS INC CLASS A
RIOT,RIOT PLATFORMS INC
DK,DELEK US HOLDINGS INC
JWN,NORDSTROM INC
VRNT,VERINT SYSTEMS INC
AI,C3 AI INC CLASS A
RYTM,RHYTHM PHARMACEUTICALS INC
EPC,EDGEWELL PERSONAL CARE
FOXF,FOX FACTORY HOLDING CORP
HNI,HNI CORP
BE,BLOOM ENERGY CLASS A CORP
PZZA,PAPA JOHNS INTERNATIONAL INC
CPE,CALLON PETROLEUM
CORT,CORCEPT THERAPEUTICS INC
OII,OCEANEERING INTERNATIONAL INC
SLVM,SYLVAMO CORP
TNDM,TANDEM DIABETES CARE INC
VIAV,VIAVI SOLUTIONS INC
HAYW,HAYWARD HOLDINGS INC
WGO,WINNEBAGO INDUSTRIES INC
OSCR,OSCAR HEALTH INC CLASS A
PTCT,PTC THERAPEUTICS INC
UPBD,UPBOUND GROUP INC
RAMP,LIVERAMP HOLDINGS INC
NUVL,NUVALENT INC CLASS A
PRVA,PRIVIA HEALTH GROUP INC
ENR,ENERGIZER HOLDINGS INC
INSW,INTERNATIONAL SEAWAYS INC
NFE,NEW FORTRESS ENERGY INC CLASS A
PRKS,UNITED PARKS AND RESORTS INC
EPAC,ENERPAC TOOL GROUP CORP CLASS A
SXI,STANDEX INTERNATIONAL CORP
ANDE,ANDERSONS INC
LCID,LUCID GROUP INC
SIX,SIX FLAGS ENTERTAINMENT CORP
VSAT,VIASAT INC
RNA,AVIDITY BIOSCIENCES INC
BKU,BANKUNITED INC
LSXMA,LIBERTY MEDIA LIBERTY SIRIUSXM COR
TNC,TENNANT
AIR,AAR CORP
TRN,TRINITY INDUSTRIES INC
CENTA,CENTRAL GARDEN AND PET CLASS A
SNEX,STONEX GROUP INC
EBC,EASTERN BANKSHARES INC
KMT,KENNAMETAL INC
RLJ,RLJ LODGING TRUST REIT
HBI,HANESBRANDS INC
FFBC,FIRST FINANCIAL BANCORP
SCL,STEPAN
CRVL,CORVEL CORP
ICUI,ICU MEDICAL INC
ALG,ALAMO GROUP INC
ABR,ARBOR REALTY TRUST REIT INC
DRH,DIAMONDROCK HOSPITALITY REIT
PPBI,PACIFIC PREMIER BANCORP INC
PRCT,PROCEPT BIOROBOTICS CORP
ATGE,ADTALEM GLOBAL EDUCATION INC
FCPT,FOUR CORNERS PROPERTY INC TRUST
TGTX,TG THERAPEUTICS INC
UPST,UPSTART HOLDINGS INC
NEO,NEOGENOMICS INC
OMI,OWENS & MINOR INC
STEP,STEPSTONE GROUP INC CLASS A
LLYVK,LIBERTY MEDIA LIBERTY LIVE CORP SE
VECO,VEECO INSTRUMENTS INC
CWEN,CLEARWAY ENERGY INC CLASS C
EQC,EQUITY COMMONWEALTH REIT
PEB,PEBBLEBROOK HOTEL TRUST REIT
UCTT,ULTRA CLEAN HOLDINGS INC
BATRK,ATLANTA BRAVES HOLDINGS INC SERIES
BANF,BANCFIRST CORP
CNK,CINEMARK HOLDINGS INC
ATMU,ATMUS FILTRATION TECHNOLOGIES INC
HEES,H AND E EQUIPMENT SERVICES INC
UE,URBAN EDGE PROPERTIES
IMVT,IMMUNOVANT INC
MLKN,MILLERKNOLL INC
ASTH,ASTRANA HEALTH INC
AZZ,AZZ INC
ALGM,ALLEGRO MICROSYSTEMS INC
VSTO,VISTA OUTDOOR INC
CPRX,CATALYST PHARMACEUTICALS INC
OXM,OXFORD INDUSTRIES INC
THS,TREEHOUSE FOODS INC
TWST,TWIST BIOSCIENCE CORP
BANC,BANC OF CALIFORNIA INC
LAUR,LAUREATE EDUCATION INC
CERT,CERTARA INC
XPRO,EXPRO GROUP HOLDINGS NV
ADT,ADT INC
WSBC,WESBANCO INC
RNST,RENASANT CORP
RCKT,ROCKET PHARMACEUTICALS INC
AVDX,AVIDXCHANGE HOLDINGS INC
FRME,FIRST MERCHANTS CORP
TALO,TALOS ENERGY INC
UFPT,UFP TECHNOLOGIES INC
GRBK,GREEN BRICK PARTNERS INC
SQSP,SQUARESPACE INC CLASS A
AGM,FEDERAL AGRICULTURAL MORTGAGE NON
RCM,R1 RCM INC
DDS,DILLARDS INC CLASS A
HLMN,HILLMAN SOLUTIONS CORP
HIMS,HIMS HERS HEALTH INC CLASS A
KAR,OPENLANE INC
COUR,COURSERA INC
JOE,ST JOE
WAFD,WAFD INC
CODI,COMPASS DIVERSIFIED
THRM,GENTHERM INC
PLMR,PALOMAR HOLDINGS INC
WOR,WORTHINGTON ENTERPRISES INC
AMWD,AMERICAN WOODMARK CORP
MYGN,MYRIAD GENETICS INC
PRK,PARK NATIONAL CORP
STAA,STAAR SURGICAL
CALX,CALIX NETWORKS INC
LZB,LA-Z-BOY INC
LZ,LEGALZOOM COM INC
SHLS,SHOALS TECHNOLOGIES GROUP INC CLAS
PHIN,PHINIA INC
CXW,CORECIVIC REIT INC
ODP,ODP CORP
PRFT,PERFICIENT INC
BFH,BREAD FINANCIAL HOLDINGS INC
IVT,INVENTRUST PROPERTIES CORP
TOWN,TOWNEBANK
AGIO,AGIOS PHARMACEUTICALS INC
ENVA,ENOVA INTERNATIONAL INC
PPC,PILGRIMS PRIDE CORP
STR,SITIO ROYALTIES CORP CLASS A
DNA,GINKGO BIOWORKS HOLDINGS INC CLASS
GPOR,GULFPORT ENERGY CORP
BRP,BRP GROUP INC CLASS A
WKC,WORLD KINECT
AMBA,AMBARELLA INC
TRMK,TRUSTMARK CORP
CNS,COHEN & STEERS INC
GEO,GEO GROUP REIT INC
PLUG,PLUG POWER INC
SMTC,SEMTECH CORP
TROX,TRONOX HOLDINGS PLC
BANR,BANNER CORP
YOU,CLEAR SECURE INC CLASS A
INFA,INFORMATICA INC CLASS A
SNDX,SYNDAX PHARMACEUTICALS INC
ACMR,ACM RESEARCH CLASS A INC
NGVT,INGEVITY CORP
SFL,SFL LTD
XHR,XENIA HOTELS RESORTS REIT INC
AGL,AGILON HEALTH
DVAX,DYNAVAX TECHNOLOGIES CORP
JELD,JELD WEN HOLDING INC
NMRK,NEWMARK GROUP INC CLASS A
TFIN,TRIUMPH FINANCIAL INC
AMPH,AMPHASTAR PHARMACEUTICALS INC
B,BARNES GROUP INC
KROS,KEROS THERAPEUTICS INC
PLAB,PHOTRONICS INC
VERA,VERA THERAPEUTICS INC CLASS A
ARI,APOLLO COMMERCIAL REAL ESTATE FINA
EYE,NATIONAL VISION HOLDINGS INC
ADUS,ADDUS HOMECARE CORP
PTGX,PROTAGONIST THERAPEUTICS INC
IONQ,IONQ INC
STC,STEWART INFO SERVICES CORP
HURN,HURON CONSULTING GROUP INC
RKT,ROCKET COMPANIES INC CLASS A
VGR,VECTOR GROUP LTD
NTB,BANK OF NT BUTTERFIELD & SON LTD
SATS,ECHOSTAR CORP CLASS A
SUPN,SUPERNUS PHARMACEUTICALS INC
DYN,DYNE THERAPEUTICS INC
MSGE,MADISON SQUARE GARDEN ENTERTAINMEN
VIRT,VIRTU FINANCIAL INC CLASS A
OPEN,OPENDOOR TECHNOLOGIES INC
TDS,TELEPHONE AND DATA SYSTEMS INC
GERN,GERON CORP
NAVI,NAVIENT CORP
INMD,INMODE LTD
CAL,CALERES INC
ADMA,ADMA BIOLOGICS INC
GBX,GREENBRIER INC
GEF,GREIF INC CLASS A
SJW,SJW GROUP
VRTS,VIRTUS INVESTMENT PARTNERS INC
DAN,DANA INCORPORATED INC
HTH,HILLTOP HOLDINGS INC
NBTB,NBT BANCORP INC
HLIT,HARMONIC INC
BORR,BORR DRILLING LTD
JBGS,JBG SMITH PROPERTIES
SBCF,SEACOAST BANKING OF FLORIDA
PRO,PROS HOLDINGS INC
SHC,SOTERA HEALTH COMPANY
AKR,ACADIA REALTY TRUST REIT
FSLY,FASTLY INC CLASS A
GNL,GLOBAL NET LEASE INC
IBTX,INDEPENDENT BANK GROUP INC
VYX,NCR VOYIX CORP
PTON,PELOTON INTERACTIVE CLASS A INC
TBBK,BANCORP INC
OFG,OFG BANCORP
SDGR,SCHRODINGER INC
CBRL,CRACKER BARREL OLD COUNTRY STORE I
GSHD,GOOSEHEAD INSURANCE INC CLASS A
AGYS,AGILYSYS INC
CAKE,CHEESECAKE FACTORY INC
CWK,CUSHMAN AND WAKEFIELD PLC
DNOW,DNOW INC
KN,KNOWLES CORP
NVCR,NOVOCURE LTD
RXST,RXSIGHT INC
LUMN,LUMEN TECHNOLOGIES INC
MORF,MORPHIC HOLDING INC
BYON,BEYOND INC
MP,MP MATERIALS CORP CLASS A
APOG,APOGEE ENTERPRISES INC
APPN,APPIAN CORP CLASS A
VSCO,VICTORIA S SECRET
REYN,REYNOLDS CONSUMER PRODUCTS INC
ARDX,ARDELYX INC
CSGS,CSG SYSTEMS INTERNATIONAL INC
EXTR,EXTREME NETWORKS INC
POWL,POWELL INDUSTRIES INC
HMN,HORACE MANN EDUCATORS CORP
SITM,SITIME CORP
CHCO,CITY HOLDING
DFIN,DONNELLEY FINANCIAL SOLUTIONS INC
USPH,US PHYSICAL THERAPY INC
FDMT,4D MOLECULAR THERAPEUTICS INC
CMPR,CIMPRESS PLC
CDE,COEUR MINING INC
KYMR,KYMERA THERAPEUTICS INC
LKFN,LAKELAND FINANCIAL CORP
ESRT,EMPIRE STATE REALTY REIT INC TRUST
FBK,FB FINANCIAL CORP
GOGL,GOLDEN OCEAN GROUP LTD
KALU,KAISER ALUMINIUM CORP
CTS,CTS CORP
HLX,HELIX ENERGY SOLUTIONS GROUP INC
MRCY,MERCURY SYSTEMS INC
CUBI,CUSTOMERS BANCORP INC
FWONA,LIBERTY MEDIA FORMULA ONE CORP SER
VCYT,VERACYTE INC
VTLE,VITAL ENERGY INC
INTA,INTAPP INC
ALPN,ALPINE IMMUNE SCIENCES INC
EFSC,ENTERPRISE FINANCIAL SERVICES CORP
TTMI,TTM TECHNOLOGIES INC
BIRK,BIRKENSTOCK HOLDING PLC
CXM,SPRINKLR INC CLASS A
WABC,WESTAMERICA BANCORPORATION
OEC,ORION SA
WNC,WABASH NATIONAL CORP
JOBY,JOBY AVIATION INC CLASS A
TNK,TEEKAY TANKERS LTD CLASS A
CNNE,CANNAE HOLDINGS INC
JACK,JACK IN THE BOX INC
ROIC,RETAIL OPPORTUNITY INVESTMENTS REI
UPWK,UPWORK INC
SGH,SMART GLOBAL HOLDINGS
SYBT,STOCK YARDS BANCORP INC
UAA,UNDER ARMOUR INC CLASS A
COHU,COHU INC
WT,WISDOMTREE INC
PRG,PROG HOLDINGS INC
VRE,VERIS RESIDENTIAL INC
ATRC,ATRICURE INC
CNA,CNA FINANCIAL CORP
LNN,LINDSAY CORP
MGNI,MAGNITE INC
UA,UNDER ARMOUR INC CLASS C
HLIO,HELIOS TECHNOLOGIES INC
KAMN,KAMAN CORP
BLBD,BLUE BIRD CORP
LPG,DORIAN LPG LTD
MCY,MERCURY GENERAL CORP
UNIT,UNITI GROUP INC
DO,DIAMOND OFFSHORE DRILLING INC
NTCT,NETSCOUT SYSTEMS INC
NVEE,NV5 GLOBAL INC
DHT,DHT HOLDINGS INC
XPEL,XPEL INC
AKRO,AKERO THERAPEUTICS INC
KFRC,KFORCE INC
KURA,KURA ONCOLOGY INC
CASH,PATHWARD FINANCIAL INC
PRDO,PERDOCEO EDUCATION CORP
RC,READY CAPITAL CORP
TARS,TARSUS PHARMACEUTICALS INC
COLL,COLLEGIUM PHARMACEUTICAL INC
LOB,LIVE OAK BANCSHARES INC
PAYO,PAYONEER GLOBAL INC
WRBY,WARBY PARKER INC CLASS A
IRWD,IRONWOOD PHARMA INC CLASS A
MXL,MAXLINEAR INC
PMT,PENNYMAC MORTGAGE INVESTMENT TRUST
PWSC,POWERSCHOOL HOLDINGS INC CLASS A
NX,QUANEX BUILDING PRODUCTS CORP
PCRX,PACIRA BIOSCIENCES INC
SBH,SALLY BEAUTY HOLDINGS INC
HWKN,HAWKINS INC
UVV,UNIVERSAL CORP
DFH,DREAM FINDERS HOMES INC CLASS A
DNUT,KRISPY KREME INC
MFA,MFA FINANCIAL INC
HTLF,HEARTLAND FINANCIAL USA INC
OMCL,OMNICELL INC
PAR,PAR TECHNOLOGY CORP
SPHR,SPHERE ENTERTAINMENT CLASS A
HOPE,HOPE BANCORP INC
JBI,JANUS INTERNATIONAL GROUP INC
EVBG,EVERBRIDGE INC
BUSE,FIRST BUSEY CORP
SNDR,SCHNEIDER NATIONAL INC CLASS B
VCTR,VICTORY CAPITAL HOLDINGS CLASS A I
ZETA,ZETA GLOBAL HOLDINGS CORP CLASS A
ALEX,ALEXANDER AND BALDWIN INC
MGPI,MGP INGREDIENTS INC
NATL,NCR ATLEOS CORP
RKLB,ROCKET LAB USA INC
NHC,NATIONAL HEALTHCARE CORP
STEL,STELLAR BANCORP INC
AIV,APARTMENT INVESTMENT AND MANAGEMEN
JAMF,JAMF HOLDING CORP
PYCR,PAYCOR HCM INC
SCS,STEELCASE INC CLASS A
XNCR,XENCOR INC
ELME,ELME
HE,HAWAIIAN ELECTRIC INDUSTRIES INC
BKD,BROOKDALE SENIOR LIVING INC
GIII,G III APPAREL GROUP LTD
IESC,IES INC
KLG,WK KELLOGG
IMKTA,INGLES MARKETS INC CLASS A
WLY,JOHN WILEY AND SONS INC CLASS A
BLX,BANCO LATINOAMERICANO DE COMERCIO
GTY,GETTY REALTY REIT CORP
NWN,NORTHWEST NATURAL HOLDING COMPANY
BZH,BEAZER HOMES INC
CARS,CARS.COM INC
FBNC,FIRST BANCORP
FCF,FIRST COMMONWEALTH FINANCIAL CORP
HIBB,HIBBETT INC
LTC,LTC PROPERTIES REIT INC
BHE,BENCHMARK ELECTRONICS INC
INFN,INFINERA CORP
FIZZ,NATIONAL BEVERAGE CORP
SKWD,SKYWARD SPECIALTY INSURANCE GROUP
PFS,PROVIDENT FINANCIAL SERVICES INC
RXRX,RECURSION PHARMACEUTICALS INC CLAS
TWO,TWO HARBORS INVESTMENT CORP
ARR,ARMOUR RESIDENTIAL REIT INC
LMAT,LEMAITRE VASCULAR INC
FIHL,FIDELIS INSURANCE HOLDINGS LTD
LGFB,LIONS GATE ENTERTAINMENT NON VOTIN
SAFT,SAFETY INSURANCE GROUP INC
LADR,LADDER CAPITAL CORP CLASS A
AVPT,AVEPOINT INC CLASS A
NWBI,NORTHWEST BANCSHARES INC
SP,SP PLUS CORP
ALKT,ALKAMI TECHNOLOGY INC
EIG,EMPLOYERS HOLDINGS INC
NSSC,NAPCO SECURITY TECHNOLOGIES INC
NNI,NELNET INC CLASS A
QCRH,QCR HOLDINGS INC
SPNT,SIRIUSPOINT LTD
ADEA,ADEIA INC
ENVX,ENOVIX CORP
PHR,PHREESIA INC
WMK,WEIS MARKETS INC
ASAN,ASANA INC CLASS A
CWH,CAMPING WORLD HOLDINGS INC CLASS A
DAWN,DAY ONE BIOPHARMACEUTICALS INC
RYI,RYERSON HOLDING CORP
DEA,EASTERLY GOVERNMENT PROPERTIES INC
GES,GUESS INC
SCSC,SCANSOURCE INC
LILAK,LIBERTY LATIN AMERICA LTD CLASS C
SAFE,SAFEHOLD INC
BXC,BLUELINX HOLDINGS INC
ECPG,ENCORE CAPITAL GROUP INC
ARCT,ARCTURUS THERAPEUTICS HOLDINGS INC
SXC,SUNCOKE ENERGY INC
ATEC,ALPHATEC HOLDNGS INC
CMCO,COLUMBUS MCKINNON CORP
NBHC,NATIONAL BANK HOLDINGS CORP CLASS
FBRT,FRANKLIN BSP REALTY TRUST INC
DRS,LEONARDO DRS INC
MRC,MRC GLOBAL INC
NTST,NETSTREIT CORP
SVC,SERVICE PROPERTIES TRUST
TRNS,TRANSCAT INC
QTRX,QUANTERIX CORP
COCO,THE VITA COCO COMPANY INC
UTZ,UTZ BRANDS INC CLASS A
ECVT,ECOVYST INC
KOP,KOPPERS HOLDINGS INC
THR,THERMON GROUP HOLDINGS INC
CHEF,CHEFS WAREHOUSE INC
HLF,HERBALIFE NUTRITION LTD
LGND,LIGAND PHARMACEUTICALS INC
PEBO,PEOPLES BANCORP INC
PRM,PERIMETER SOLUTIONS SA
STBA,S AND T BANCORP INC
ICHR,ICHOR HOLDINGS LTD
INVA,INNOVIVA INC
NIC,NICOLET BANKSHARES INC
BRSP,BRIGHTSPIRE CAPITAL INC CLASS A
HCI,HCI GROUP INC
HTZ,HERTZ GLOBAL HLDGS INC
WINA,WINMARK CORP
WS,WORTHINGTON STEEL INC
CIM,CHIMERA INVESTMENT CORP
DGII,DIGI INTERNATIONAL INC
NWLI,NATIONAL WESTERN LIFE GROUP INC CL
ALGT,ALLEGIANT TRAVEL
SSTK,SHUTTERSTOCK INC
ARLO,ARLO TECHNOLOGIES INC
BKE,BUCKLE INC
MODN,MODEL N INC
AAT,AMERICAN ASSETS TRUST REIT INC
MCRI,MONARCH CASINO AND RESORT INC
CGON,CG ONCOLOGY INC
KW,KENNEDY WILSON HOLDINGS INC
LESL,LESLIES INC
MNKD,MANNKIND CORP
BHLB,BERKSHIRE HILLS BANCORP INC
COMP,COMPASS INC CLASS A
FLNC,FLUENCE ENERGY INC CLASS A
REX,REX AMERICAN RESOURCES CORP
CVI,CVR ENERGY INC
MSEX,MIDDLESEX WATER
PUBM,PUBMATIC INC CLASS A
ZUO,ZUORA INC CLASS A
DRVN,DRIVEN BRANDS HOLDINGS INC
TCBK,TRICO BANCSHARES
CSR,CENTERSPACE
INBX,INHIBRX INC
MNRO,MONRO INC
PRTA,PROTHENA PLC
SBSI,SOUTHSIDE BANCSHARES INC
TRUP,TRUPANION INC
ACT,ENACT HOLDINGS INC
FOR,FORESTAR GROUP INC
PLYM,PLYMOUTH INDUSTRIAL REIT INC
SLCA,US SILICA HOLDINGS INC
BMBL,BUMBLE INC CLASS A
TRS,TRIMAS CORP
SCHL,SCHOLASTIC CORP
ASTE,ASTEC INDUSTRIES INC
MRTN,MARTEN TRANSPORT LTD
MATV,MATIV HOLDINGS INC
SWBI,SMITH WESSON BRANDS INC
CRAI,CRA INTERNATIONAL INC
MRVI,MARAVAI LIFESCIENCES HOLDINGS INC
HPP,HUDSON PACIFIC PROPERTIES REIT INC
MDXG,MIMEDX GROUP INC
BFC,BANK FIRST CORP
PRLB,PROTO LABS INC
SASR,SANDY SPRING BANCORP INC
DCPH,DECIPHERA PHARMACEUTICALS INC
PACB,PACIFIC BIOSCIENCES OF CALIFORNIA
PDFS,PDF SOLUTIONS INC
SAGE,SAGE THERAPEUTICS INC
SBOW,SILVERBOW RESOURCES INC
WWW,WOLVERINE WORLD WIDE INC
GSAT,GLOBALSTAR VOTING INC
HCSG,HEALTHCARE SERVICES GROUP INC
KELYA,KELLY SERVICES INC CLASS A
UMH,UMH PROPERTIES INC
CRGY,CRESCENT ENERGY CLASS A
UUUU,ENERGY FUELS INC
PRAA,PRA GROUP INC
AMK,ASSETMARK FINANCIAL HOLDINGS INC
BASE,COUCHBASE INC
HRMY,HARMONY BIOSCIENCES HLDG INC
OCFC,OCEANFIRST FINANCIAL CORP
OCUL,OCULAR THERAPEUTIX INC
ZIP,ZIPRECRUITER INC CLASS A
AMSF,AMERISAFE INC
MATW,MATTHEWS INTERNATIONAL CORP CLASS
UDMY,UDEMY INC
VBTX,VERITEX HOLDINGS INC
ARQT,ARCUTIS BIOTHERAPEUTICS INC
FA,FIRST ADVANTAGE CORP
TTGT,TECHTARGET INC
CDRE,CADRE HOLDINGS INC
CHGG,CHEGG INC
EVRI,EVERI HOLDINGS INC
TILE,INTERFACE INC
SEB,SEABOARD CORP
AVNS,AVANOS MEDICAL INC
BDN,BRANDYWINE REALTY TRUST REIT
HOV,HOVNANIAN ENTERPRISES INC CLASS A
IMAX,IMAX CORP
MGNX,MACROGENICS INC
TGI,TRIUMPH GROUP INC
UWMC,UWM HOLDINGS CORP CLASS A
ETWO,E2OPEN PARENT HOLDINGS INC CLASS A
FBMS,FIRST BANCSHARES INC
PDM,PIEDMONT OFFICE REALTY TRUST REIT
SSRM,SSR MINING INC
VSEC,VSE CORP
CFFN,CAPITOL FEDERAL FINANCIAL INC
MEG,MONTROSE ENVIRONMENTAL GRP INC
ORIC,ORIC PHARMACEUTICALS INC
CENX,CENTURY ALUMINUM
ERII,ENERGY RECOVERY INC
LBRDA,LIBERTY BROADBAND CORP SERIES A
NABL,N ABLE INC
ALT,ALTIMMUNE INC
BCRX,BIOCRYST PHARMACEUTICALS INC
AHCO,ADAPTHEALTH CORP
EYPT,EYEPOINT PHARMACEUTICALS INC
FDP,FRESH DEL MONTE PRODUCE INC
INDI,INDIE SEMICONDUCTOR INC CLASS A
SHEN,SHENANDOAH TELECOMMUNICATIONS
CMTG,CLAROS MORTGAGE TRUST INC
RPAY,REPAY HOLDINGS CORP CLASS A
RCUS,ARCUS BIOSCIENCES INC
EWTX,EDGEWISE THERAPEUTICS INC
FWRD,FORWARD AIR CORP
KNSA,KINIKSA PHARMACEUTICALS LTD CLASS
FMBH,FIRST MID BANCSHARES INC
LC,LENDINGCLUB CORP
SIBN,SI BONE INC
ASIX,ADVANSIX INC
AUR,AURORA INNOVATION INC CLASS A
CCRN,CROSS COUNTRY HEALTHCARE INC
EFC,ELLINGTON FINANCIAL INC
GABC,GERMAN AMERICAN BANCORP INC
HAYN,HAYNES INTERNATIONAL INC
MBIN,MERCHANTS BANCORP
MYE,MYERS INDUSTRIES INC
SANA,SANA BIOTECHNOLOGY INC
AORT,ARTIVION INC
DLX,DELUXE CORP
DOLE,DOLE PLC
DRQ,DRIL QUIP INC
MTUS,METALLUS INC
AXL,AMERICAN AXLE AND MANUFACTURING HO
ANIP,ANI PHARMACEUTICALS INC
BBSI,BARRETT BUSINESS SERVICES INC
MBUU,MALIBU BOATS CLASS A INC
PLRX,PLIANT THERAPEUTICS INC
SPNS,SAPIENS INTERNATIONAL NV
SRRK,SCHOLAR ROCK HOLDING CORP
ZNTL,ZENTALIS PHARMACEUTICALS INC
GPRE,GREEN PLAINS INC
JANX,JANUX THERAPEUTICS INC
OBK,ORIGIN BANCORP INC
PGRE,PARAMOUNT GROUP REIT INC
UTI,UNIVERSAL TECHNICAL INSTITUTE INC
ATSG,AIR TRANSPORT SERVICES GROUP INC
ASC,ARDMORE SHIPPING CORP
BJRI,BJS RESTAURANTS INC
DX,DYNEX CAPITAL REIT INC
IMXI,INTERNATIONAL MONEY EXPRESS INC
QNST,QUINSTREET INC
SOUN,SOUNDHOUND AI INC CLASS A
EMBC,EMBECTA CORP
LBAI,LAKELAND BANCORP INC
LLYVA,LIBERTY MEDIA LIBERTY LIVE CORP SE
SRCE,1ST SOURCE CORP
DIN,DINE BRANDS GLOBAL INC
PAX,PATRIA INVESTMENTS LTD CLASS A
STGW,STAGWELL INC CLASS A
VICR,VICOR CORP
VZIO,VIZIO HOLDING CORP CLASS A
CLB,CORE LABORATORIES INC
ETD,ETHAN ALLEN INTERIORS INC
JBSS,JOHN B SANFILIPPO AND SON INC
CART,MAPLEBEAR INC
SVRA,SAVARA INC
WTTR,SELECT WATER SOLUTIONS INC CLASS A
CRK,COMSTOCK RESOURCES INC
MD,PEDIATRIX MEDICAL GROUP INC
REVG,REV GROUP INC
SABR,SABRE CORP
CBL,CBL ASSOCIATES PROPERTIES INC
NVRI,ENVIRI CORP
RVLV,REVOLVE GROUP CLASS A INC
ATEN,A10 NETWORKS INC
CMRE,COSTAMARE INC
FIP,FTAI INFRASTRUCTURE INC
AMBC,AMBAC FINANCIAL GROUP INC
CNOB,CONNECTONE BANCORP INC
DHC,DIVERSIFIED HEALTHCARE TRUST
SCVL,SHOE CARNIVAL INC
USLM,UNITED STATES LIME AND MINERALS IN
VIR,VIR BIOTECHNOLOGY INC
VITL,VITAL FARMS INC
SAVA,CASSAVA SCIENCES INC
NAT,NORDIC AMERICAN TANKERS LTD
RWT,REDWOOD TRUST REIT INC
MMI,MARCUS & MILLICHAP INC
IDT,IDT CORP CLASS B
NXRT,NEXPOINT RESIDENTIAL TRUST INC
VVI,VIAD CORP
AMC,AMC ENTERTAINMENT HOLDINGS INC CLA
CLW,CLEARWATER PAPER CORP
CNXN,PC CONNECTION INC
WSR,WHITESTONE REIT
NG,NOVAGOLD RESOURCES INC
HOUS,ANYWHERE REAL ESTATE INC
BSIG,BRIGHTSPHERE INVESTMENT GROUP INC
KNTK,KINETIK HOLDINGS INC CLASS A
RGNX,REGENXBIO INC
EGY,VAALCO ENERGY INC
AGX,ARGAN INC
BGS,B AND G FOODS INC
CECO,CECO ENVIRONMENTAL CORP
CHUY,CHUYS HOLDINGS INC
DBI,DESIGNER BRANDS INC CLASS A
NBR,NABORS INDUSTRIES LTD
AMRC,AMERESCO INC CLASS A
GDEN,GOLDEN ENTERTAINMENT INC
GRND,GRINDR INC
HCKT,HACKETT GROUP INC
STKL,SUNOPTA INC
EU,ENCORE ENERGY CORP
FG,F&G ANNUITIES AND LIFE INC
METCV,RAMACO RESOURCES INC CLASS A
RGR,STURM RUGER INC
TFSL,TFS FINANCIAL CORP
TPC,TUTOR PERINI CORP
WVE,WAVE LIFE SCIENCES LTD
ETNB,89BIO INC
ACHR,ARCHER AVIATION INC CLASS A
HA,HAWAIIAN HOLDINGS INC
MCBS,METROCITY BANKSHARES INC
NR,NEWPARK RESOURCES INC
SAH,SONIC AUTOMOTIVE INC CLASS A
AUPH,AURINIA PHARMACEUTICALS INC
EGLE,EAGLE BULK SHIPPING INC
FIGS,FIGS INC CLASS A
GRC,GORMAN-RUPP
NPK,NATIONAL PRESTO INDUSTRIES INC
TTI,TETRA TECHNOLOGIES INC
AMPL,AMPLITUDE INC CLASS A
CTKB,CYTEK BIOSCIENCES INC
PFBC,PREFERRED BANK
INN,SUMMIT HOTEL PROPERTIES REIT INC
UVE,UNIVERSAL INSURANCE HOLDINGS INC
BRY,BERRY
EGBN,EAGLE BANCORP INC
OSW,ONESPAWORLD HOLDINGS LTD
ASPN,ASPEN AEROGELS INC
FLNG,FLEX LNG LTD
GNK,GENCO SHIPPING AND TRADING LTD
HAIN,HAIN CELESTIAL GROUP INC
HSTM,HEALTHSTREAM INC
DCOM,DIME COMMUNITY BANCSHARES INC
MBWM,MERCANTILE BANK CORP
SNCY,SUN COUNTRY AIRLINES HOLDINGS INC
VRDN,VIRIDIAN THERAPEUTICS ORS INC
HONE,HARBORONE BANCORP INC
INZY,INOZYME PHARMA INC
FNA,PARAGON INC
PFC,PREMIER FINANCIAL CORP
SB,SAFE BULKERS INC
SPTN,SPARTANNASH
AMTB,AMERANT BANCORP INC CLASS A
HZO,MARINEMAX INC
RDFN,REDFIN CORP
BRKL,BROOKLINE BANCORP INC
CWENA,CLEARWAY ENERGY INC CLASS A
CYRX,CRYOPORT INC
HFWA,HERITAGE FINANCIAL CORP
KGS,KODIAK GAS SERVICES INC
ZEUS,OLYMPIC STEEL INC
RUSHB,RUSH ENTERPRISES INC CLASS B
TPB,TURNING POINT BRANDS INC
UTL,UNITIL CORP
ATRI,ATRION CORP
BLFS,BIOLIFE SOLUTIONS INC
CDLX,CARDLYTICS INC
CFB,CROSSFIRST BANKSHARES INC
GIC,GLOBAL INDUSTRIAL
VREX,VAREX IMAGING CORP
NYMT,NEW YORK MORTGAGE TRUST REIT INC
WULF,TERAWULF INC
USNA,USANA HEALTH SCIENCES INC
KRUS,KURA SUSHI USA INC
CVLG,COVENANT LOGISTICS GROUP INC CLASS
LMND,LEMONADE INC
FC,FRANKLIN COVEY
HY,HYSTER YALE MATERIALS HANDLING INC
OSG,OVERSEAS SHIPHOLDING GROUP INC CLA
PCT,PURECYCLE TECHNOLOGIES INC
SLP,SIMULATIONS PLUS INC
TMP,TOMPKINS FINANCIAL CORP
AMRX,AMNEAL PHARMACEUTICALS INC CLASS A
CELC,CELCUITY INC
LXU,LSB INDUSTRIES INC
PETQ,PETIQ INC CLASS A
RICK,RCI HOSPITALITY HOLDINGS INC
SILK,SILK ROAD MEDICAL INC
SMP,STANDARD MOTOR PRODUCTS INC
NUVB,NUVATION BIO INC CLASS A
PNTG,PENNANT GROUP INC
VTOL,BRISTOW GROUP INC
EHAB,ENHABIT INC
EXPI,EXP WORLD HOLDINGS INC
LPRO,OPEN LENDING CORP
NOVA,SUNNOVA ENERGY INTERNATIONAL INC
ADV,ADVANTAGE SOLUTIONS INC CLASS A
ANNX,ANNEXON INC
BELFB,BEL FUSE INC CLASS B
BTSG,BRIGHTSPRING HEALTH SERVICES INC
CHPT,CHARGEPOINT HOLDINGS INC CLASS A
COGT,COGENT BIOSCIENCES INC
NKLA,NIKOLA CORP
SMMT,SUMMIT THERAPEUTICS INC
ACTG,ACACIA RESEARCH CORP
BV,BRIGHTVIEW HOLDINGS INC
OSBC,OLD SECOND BANCORP INC
PRA,PROASSURANCE CORP
RLAY,RELAY THERAPEUTICS INC
VERV,VERVE THERAPEUTICS INC
WLDN,WILLDAN GROUP INC
ANAB,ANAPTYSBIO INC
CASS,CASS INFORMATION SYSTEMS INC
CTBI,COMMUNITY TRUST BANCORP INC
IIIN,INSTEEL INDUSTRIES INC
TREE,LENDINGTREE INC
NUS,NU SKIN ENTERPRISES INC CLASS A
CPF,CENTRAL PACIFIC FINANCIAL CORP
CCO,CLEAR CHANNEL OUTDOOR HOLDINGS INC
EOLS,EVOLUS INC
PUMP,PROPETRO HOLDING CORP
UNFI,UNITED NATURAL FOODS INC
CABA,CABALETTA BIO INC
KREF,KKR REAL ESTATE FINANCE INC TRUST
RES,RPC INC
SEMR,SEMRUSH HOLDINGS INC CLASS A
AMNB,AMERICAN NATIONAL BANKSHARES INC
ATXS,ASTRIA THERAPEUTICS INC
BY,BYLINE BANCORP INC
RBCAA,REPUBLIC BANCORP INC CLASS A
SBGI,SINCLAIR INC CLASS A
TK,TEEKAY CORP
VMEO,VIMEO INC
XMTR,XOMETRY INC CLASS A
AMRK,A MARK PRECIOUS METALS INC
CTLP,CANTALOUPE INC
LTH,LIFE TIME GROUP HOLDINGS INC
NBN,NORTHEAST BANK
ACCD,ACCOLADE INC
CRNC,CERENCE INC
DENN,DENNYS CORP
FWRG,FIRST WATCH RESTAURANT GROUP INC
HVT,HAVERTY FURNITURE COMPANIES INC
MSBI,MIDLAND STATES BANCORP INC
MCW,MISTER CAR WASH INC
ACCO,ACCO BRANDS CORP
BAND,BANDWIDTH INC CLASS A
NRIX,NURIX THERAPEUTICS INC
SWI,SOLARWINDS CORP
UHAL,U HAUL HOLDING
VVX,V2X INC
AHH,ARMADA HOFFLER PROPERTIES REIT INC
FRPH,FRP HOLDINGS INC
MAX,MEDIAALPHA INC CLASS A
MITK,MITEK SYSTEMS INC
WEAV,WEAVE COMMUNICATIONS INC
YEXT,YEXT INC
ACEL,ACCEL ENTERTAINMENT INC CLASS A
ANIK,ANIKA THERAPEUTICS INC
CHCT,COMMUNITY HEALTHCARE TRUST INC
DXPE,DXP ENTERPRISES INC
EVLV,EVOLV TECHNOLOGIES HOLDINGS INC CL
FCBC,FIRST COMMUNITY BANKSHARES INC
GOGO,GOGO INC
MLR,MILLER INDUSTRIES INC
AESI,ATLAS ENERGY SOLUTIONS INC
MLAB,MESA LABORATORIES INC
PTVE,PACTIV EVERGREEN INC
VTS,VITESSE ENERGY INC
HSII,HEIDRICK AND STRUGGLES INTERNATION
LMB,LIMBACH HOLDINGS INC
MIRM,MIRUM PHARMACEUTICALS INC
NN,NEXTNAV INC
RSI,RUSH STREET INTERACTIVE INC CLASS
UVSP,UNIVEST FINANCIAL CORP
XPER,XPERI INC
TAST,CARROLS RESTAURANT GROUP INC
CLBK,COLUMBIA FINANCIAL INC
FATE,FATE THERAPEUTICS INC
HTBI,HOMETRUST BANCSHARES INC
LWLG,LIGHTWAVE LOGIC INC
NRC,NATIONAL RESEARCH CORP
PTLO,PORTILLO S INC CLASS A
TRST,TRUSTCO BANK CORP
YMAB,Y MABS THERAPEUTICS INC
ZIMV,ZIMVIE INC
GCI,GANNETT CO INC
MTTR,MATTERPORT INC CLASS A
OLO,OLO INC CLASS A
THRY,THRYV HOLDINGS INC
ZYME,ZYMEWORKS INC
ATRO,ASTRONICS CORP
BFST,BUSINESS FIRST BANCSHARES INC
NAPA,DUCKHORN PORTFOLIO INC
DMRC,DIGIMARC CORP
EVER,EVERQUOTE INC CLASS A
FMNB,FARMERS NATIONAL BANC CORP
LFST,LIFESTANCE HEALTH GROUP INC
LMNR,LIMONEIRA
ODC,OIL DRI CORPORATION OF AMERICA
AMBP,ARDAGH METAL PACKAGING SA
CLMB,CLIMB GLOBAL SOLUTIONS INC
CYH,COMMUNITY HEALTH SYSTEMS INC
DJCO,DAILY JOURNAL CORP
AGS,PLAYAGS INC
WRLD,WORLD ACCEPTANCE CORP
CMP,COMPASS MINERALS INTERNATIONAL INC
DSGR,DISTRIBUTION SOLUTIONS GROUP INC
GSBC,GREAT SOUTHERN BANCORP INC
HTLD,HEARTLAND EXPRESS INC
HTBK,HERITAGE COMMERCE CORP
LSEA,LANDSEA HOMES CORP
LGFA,LIONS GATE ENTERTAINMENT VOTING CO
MOFG,MIDWESTONE FINANCIAL GROUP INC
NNOX,NANO X IMAGING LTD
LASR,NLIGHT INC
OIS,OIL STATES INTERNATIONAL INC
BSRR,SIERRA BANCORP
TITN,TITAN MACHINERY INC
URGN,UROGEN PHARMA LTD
AOSL,ALPHA AND OMEGA SEMICONDUCTOR LTD
IIIV,I3 VERTICALS INC CLASS A
RGP,RESOURCES CONNECTION INC
TMCI,TREACE MEDICAL CONCEPTS INC
VEL,VELOCITY FINANCIAL INC
CNDT,CONDUENT INC
EDIT,EDITAS MEDICINE INC
FUBO,FUBOTV INC
GEFB,GREIF INC CLASS B
GDYN,GRID DYNAMICS HOLDINGS INC CLASS A
NWPX,NORTHWEST PIPE
PFIS,PEOPLES FINANCIAL SERVICES CORP
SMHI,SEACOR MARINE HOLDINGS INC
TWI,TITAN INTERNATIONAL INC
DDD,3D SYSTEMS CORP
CWCO,CONSOLIDATED WATER LTD
CGEM,CULLINAN ONCOLOGY INC
NTGR,NETGEAR INC
TBPH,THERAVANCE BIOPHARMA INC
AVTE,AEROVATE THERAPEUTICS INC
BIGC,BIGCOMMERCE HOLDINGS INC SERIES
CDNA,CAREDX INC
DAKT,DAKTRONICS INC
EQBK,EQUITY BANCSHARES INC CLASS A
GTN,GRAY TELEVISION INC
GLRE,GREENLIGHT CAPITAL LTD CLASS A
LYTS,LSI INDUSTRIES INC
AVNW,AVIAT NETWORKS INC
LEU,CENTRUS ENERGY CORP CLASS A
GOOD,GLADSTONE COMMERCIAL REIT CORP
HAFC,HANMI FINANCIAL CORP
HBNC,HORIZON BANCORP INC
SMBK,SMARTFINANCIAL INC
SEAT,VIVID SEATS INC CLASS A
DCO,DUCOMMUN INC
EBF,ENNIS INC
OLMA,OLEMA PHARMACEUTICALS INC
IRON,DISC MEDICINE INC
PLOW,DOUGLAS DYNAMICS INC
GDOT,GREEN DOT CORP CLASS A
OFIX,ORTHOFIX MEDICAL INC
RDUS,RADIUS RECYCLING INC CLASS A
SVV,SAVERS VALUE VILLAGE INC
BATRA,ATLANTA BRAVES HOLDINGS INC SERIES
BBUC,BROOKFIELD BUSINESS CORP CLASS A
IBCP,INDEPENDENT BANK CORP
KE,KIMBALL ELECTRONICS INC
NVRO,NEVRO CORP
CLDT,CHATHAM LODGING TRUST REIT
LQDA,LIQUIDIA CORP
LAZR,LUMINAR TECHNOLOGIES INC CLASS A
MTW,MANITOWOC INC
TRC,TEJON RANCH
TVTX,TRAVERE THERAPEUTICS INC
UFCS,UNITED FIRE GROUP INC
ULH,UNIVERSAL LOGISTICS INC
BCML,BAYCOM CORP
CRGX,CARGO THERAPEUTICS INC
CEVA,CEVA INC
FRBA,FIRST BANK
GLDD,GREAT LAKES DREDGE AND DOCK CORP
NVTS,NAVITAS SEMICONDUCTOR CORP
OSPN,ONESPAN INC
SAVE,SPIRIT AIRLINES INC
BHB,BAR HARBOR BANKSHARES
BBW,BUILD A BEAR WORKSHOP INC
CCBG,CAPITAL CITY BANK INC
OSUR,ORASURE TECHNOLOGIES INC
STRO,SUTRO BIOPHARMA INC
ALNT,ALLIENT INC
ABUS,ARBUTUS BIOPHARMA CORP
BYND,BEYOND MEAT INC
CRSR,CORSAIR GAMING INC
BOOM,DMC GLOBAL INC
GCMG,GCM GROSVENOR INC CLASS A
HOFT,HOOKER FURNISHINGS CORP
LQDT,LIQUIDITY SERVICES INC
NRIM,NORTHRIM BANCORP INC
SRI,STONERIDGE INC
TBI,TRUEBLUE INC
CRMT,AMERICAS CAR MART INC
AROW,ARROW FINANCIAL CORP
CAC,CAMDEN NATIONAL CORP
FBIZ,FIRST BUSINESS FINANCIAL SERVICES
LAND,GLADSTONE LAND REIT CORP
HDSN,HUDSON TECHNOLOGIES INC
MCFT,MASTERCRAFT BOAT HOLDINGS INC
AVO,MISSION PRODUCE INC
MVBF,MVB FINANCIAL CORP
SGHC,SUPER GROUP LTD
RILY,B RILEY FINANCIAL INC
MED,MEDIFAST INC
PSFE,PAYSAFE LTD
PBPB,POTBELLY CORP
BFS,SAUL CENTERS REIT INC
SPOK,SPOK HOLDINGS INC
TRUE,TRUECAR INC
UI,UBIQUITI INC
ALRS,ALERUS FINANCIAL CORP
AMAL,AMALGAMATED FINANCIAL
IRMD,IRADIMED CORP
MOV,MOVADO GROUP INC
OPK,OPKO HEALTH INC
ALX,ALEXANDERS REIT INC
FCEL,FUELCELL ENERGY INC
HRT,HIRERIGHT HOLDINGS CORP
IE,IVANHOE ELECTRIC INC
SENEA,SENECA FOODS CORP CLASS A
SMMF,SUMMIT FINANCIAL GROUP INC
YORW,YORK WATER
ACNB,ACNB CORP
ARKO,ARKO
CSTR,CAPSTAR FINANCIAL HOLDINGS INC
CSTL,CASTLE BIOSCIENCES INC
LBPH,LONGBOARD PHARMACEUTICALS INC
MRNS,MARINUS PHARMACEUTICALS INC
NFBK,NORTHFIELD BANCORP INC
FRST,PRIMIS FINANCIAL CORP
TARO,TARO PHARMACEUTICAL INDUSTRIES LTD
UHT,UNIVERSAL HEALTH REALTY INCOME TRU
REFI,CHICAGO ATLANTIC REAL ESTATE FINAN
HIPO,HIPPO HOLDINGS INC
IBRX,IMMUNITYBIO INC
PANL,PANGAEA LOGISTICS SOLUTIONS LTD
PKST,PEAKSTONE REALTY TRUST CLASS E
PGC,PEAPACK GLADSTONE FINANCIAL CORP
PWP,PERELLA WEINBERG PARTNERS CLASS A
PFMT,PERFORMANT FINANCIAL CORP
TCMD,TACTILE SYSTEMS TECHNOLOGY INC
TIPT,TIPTREE INC
FLWS,1-800 FLOWERS.COM INC CLASS A
ALTG,ALTA EQUIPMENT GROUP INC CLASS A
BWMN,BOWMAN CONSULTING GROUP LTD
LIND,LINDBLAD EXPEDITIONS HOLDINGS INC
OBT,ORANGE COUNTY BANCORP INC
AVD,AMER VANGUARD CORP
RCEL,AVITA MEDICAL INC
BALY,BALLY S CORP
CVGW,CALAVO GROWERS INC
CATC,CAMBRIDGE BANCORP
FLGT,FULGENT GENETICS INC
PL,PLANET LABS CLASS A
TRTX,TPG RE FINANCE TRUST INC
VPG,VISHAY PRECISION GROUP INC
CVLY,CODORUS VALLEY BANCORP INC
CTO,CTO REALTY GROWTH INC
FPI,FARMLAND PARTNERS INC
MLNK,MERIDIANLINK INC
MEI,METHODE ELECTRONICS INC
NVEC,NVE CORP
PLPC,PREFORMED LINE PRODUCTS
SRDX,SURMODICS INC
CDMO,AVID BIOSERVICES INC
CLNE,CLEAN ENERGY FUELS CORP
FDBC,FIDELITY D AND D BANCORP INC
INST,INSTRUCTURE HOLDINGS INC
MPB,MID PENN BANCORP INC
NECB,NORTHEAST COMMUNITY BANCORP INC
SMBC,SOUTHERN MISSOURI BANCORP INC
ALLO,ALLOGENE THERAPEUTICS INC
CMCL,CALEDONIA MINING PLC
CENT,CENTRAL GARDEN AND PET
LOCO,EL POLLO LOCO INC
HBCP,HOME BANCORP INC
SHYF,SHYFT GROUP INC
VMD,VIEMED HEALTHCARE INC
ARTNA,ARTESIAN RESOURCES CORP CLASS A
CZNC,CITIZENS AND NORTHERN CORP
CCB,COASTAL FINANCIAL CORP
NMRA,NEUMORA THERAPEUTICS INC
PEPG,PEPGEN INC
RVNC,REVANCE THERAPEUTICS INC
REPX,RILEY EXPLORATION PERMIAN INC
SOI,SOLARIS OILFIELD INFRASTRUCTURE IN
ATEX,ANTERIX INC
SKIN,BEAUTY HEALTH COMPANY CLASS A CLAS
ELVN,ENLIVEN THERAPEUTICS INC
ESQ,ESQUIRE FINANCIAL HOLDINGS INC
THFF,FIRST FINANCIAL CORPORATION INDIAN
ONTF,ON24 INC
EBTC,ENTERPRISE BANCORP INC
TRDA,ENTRADA THERAPEUTICS INC
EVCM,EVERCOMMERCE INC
ORC,ORCHID ISLAND CAPITAL INC
PKE,PARK AEROSPACE CORP
TYRA,TYRA BIOSCIENCES INC
CSV,CARRIAGE SERVICES INC
CARE,CARTER BANKSHARES INC
CLFD,CLEARFIELD INC
DSKE,DASEKE INC
DHIL,DIAMOND HILL INVESTMENT GROUP INC
JMSB,JOHN MARSHALL BANCORP INC
MXCT,MAXCYTE INC
STOK,STOKE THERAPEUTICS INC
TSVT,2SEVENTY BIO INC
CCNE,CNB FINANCIAL CORP
MGTX,MEIRAGTX HOLDINGS PLC
OABI,OMNIAB INC
OLP,ONE LIBERTY PROPERTIES REIT INC
SIGA,SIGA TECHNOLOGIES INC
SMRT,SMARTRENT INC CLASS A
TH,TARGET HOSPITALITY CORP
MCS,THE MARCUS CORP
WEST,WESTROCK COFFEE
ALHC,ALIGNMENT HEALTHCARE INC
ALXO,ALX ONCOLOGY HOLDINGS INC
EB,EVENTBRITE CLASS A INC
GMRE,GLOBAL MEDICAL REIT INC
RRBI,RED RIVER BANCSHARES INC
TNGX,TANGO THERAPEUTICS INC
TSBK,TIMBERLAND BANCORP INC
WTBA,WEST BANCORPORATION INC
ADTN,ADTRAN HOLDINGS INC
AMSWA,AMERICAN SOFTWARE INC CLASS A
POWW,AMMO INC
IAS,INTEGRAL AD SCIENCE HOLDING CORP
KRNY,KEARNY FINANCIAL CORP
MBI,MBIA INC
MBCN,MIDDLEFIELD BANC CORP
WSBF,WATERSTONE FINANCIAL INC
CTOS,CUSTOM TRUCK ONE SOURCE INC
DCGO,DOCGO INC
KODK,EASTMAN KODAK
MRSN,MERSANA THERAPEUTICS INC
GLUE,MONTE ROSA THERAPEUTICS INC
RMR,RMR GROUP INC CLASS A
AVXL,ANAVEX LIFE SCIENCES CORP
DGICA,DONEGAL GROUP INC CLASS A
HBT,HBT FINANCIAL INC
MCBC,MACATAWA BANK CORP
REI,RING ENERGY INC
SPCE,VIRGIN GALACTIC HOLDINGS INC SHS C
ALEC,ALECTOR INC
ATNI,ATN INTERNATIONAL INC
FMAO,FARMERS AND MERCHANTS BANCORP INC
HLVX,HILLEVAX INC
PHAT,PHATHOM PHARMACEUTICALS INC
WASH,WASHINGTON TRUST BANCORP INC
BWB,BRIDGEWATER BANCSHARES INC
BHRB,BURKE HERBERT FINANCIAL SERVICES T
CRMD,CORMEDIX INC
FFIC,FLUSHING FINANCIAL CORP
GNTY,GUARANTY BANCSHARES INC
HYLN,HYLIION HOLDINGS CORP CLASS A
ONEW,ONEWATER MARINE CLASS A INC
SPFI,SOUTH PLAINS FINANCIAL INC
STER,STERLING CHECK CORP
ADPT,ADAPTIVE BIOTECHNOLOGIES CORP
CVRX,CVRX INC
MCB,METROPOLITAN BANK HOLDING CORP
NKTX,NKARTA INC
NVAX,NOVAVAX INC
RIGL,RIGEL PHARMACEUTICALS INC
AMCX,AMC NETWORKS CLASS A INC
CIVB,CIVISTA BANCSHARES INC
FNLC,FIRST BANCORP INC
OCN,OCWEN FINANCIAL CORP
SNBR,SLEEP NUMBER CORP
SFST,SOUTHERN FIRST BANCSHARES INC
STEM,STEM INC
TELL,TELLURIAN INC
ARIS,ARIS WATER SOLUTIONS INC CLASS A
CRBU,CARIBOU BIOSCIENCES INC
HCAT,HEALTH CATALYST INC
HLLY,HOLLEY INC
LYEL,LYELL IMMUNOPHARMA INC
PARAA,PARAMOUNT GLOBAL CLASS A
ZYXI,ZYNEX INC
CCSI,CONSENSUS CLOUD SOLUTIONS INC
CNSL,CONSOLIDATED COMMUNICATIONS HOLDIN
FARO,FARO TECHNOLOGIES INC
FRGE,FORGE GLOBAL HOLDINGS INC
GCO,GENESCO INC
HROW,HARROW INC
ITOS,ITEOS THERAPEUTICS INC
AXGN,AXOGEN INC
EWCZ,EUROPEAN WAX CENTER INC CLASS A
FSBC,FIVE STAR BANCORP
NLOP,NET LEASE OFFICE PROPERTIES
KIND,NEXTDOOR HOLDINGS INC CLASS A
ORGO,ORGANOGENESIS HOLDINGS INC CLASS A
SLQT,SELECTQUOTE INC
UIS,UNISYS CORP
FISI,FINANCIAL INSTITUTIONS INC
FFWM,FIRST FOUNDATION INC
LOVE,LOVESAC COMPANY
NRDS,NERDWALLET INC CLASS A
PGEN,PRECIGEN INC
RBB,RBB BANCORP
WTI,W AND T OFFSHORE INC
EHTH,EHEALTH INC
EPM,EVOLUTION PETROLEUM CORP
GBIO,GENERATION BIO
JAKK,JAKKS PACIFIC INC
AEHR,AEHR TEST SYSTEMS
DH,DEFINITIVE HEALTHCARE CORP CLASS A
ENTA,ENANTA PHARMACEUTICALS INC
IVR,INVESCO MORTGAGE CAPITAL REIT INC
REPL,REPLIMUNE GROUP INC
AMPY,AMPLIFY ENERGY CORP
ACRE,ARES COMMERCIAL REAL ESTATE REIT C
BLFY,BLUE FOUNDRY BANCORP
LXRX,LEXICON PHARMACEUTICALS INC
LILA,LIBERTY LATIN AMERICA LTD CLASS A
KIDS,ORTHOPEDIATRICS CORP
VYGR,VOYAGER THERAPEUTICS INC
HIFS,HINGHAM INSTITUTION FOR SAVINGS
PX,P10 INC CLASS A
RM,REGIONAL MANAGEMENT CORP
RMNI,RIMINI STREET INC
TNYA,TENAYA THERAPEUTICS INC
UTMD,UTAH MEDICAL PRODUCTS INC
ZUMZ,ZUMIEZ INC
AFCG,AFC GAMMA INC
GRWG,GROWGENERATION CORP
MLYS,MINERALYS THERAPEUTICS INC
MPLN,MULTIPLAN CORP CLASS A
XPOF,XPONENTIAL FITNESS INC CLASS A
LAW,CS DISCO INC
ULCC,FRONTIER GROUP HOLDINGS INC
EAF,GRAFTECH INTERNATIONAL LTD
HRTX,HERON THERAPEUTICS INC
MNTK,MONTAUK RENEWABLES INC
NEXT,NEXTDECADE CORP
BMEA,BIOMEA FUSION INC
CMT,CORE MOLDING TECHNOLOGIES INC
EE,EXCELERATE ENERGY INC CLASS A
FORR,FORRESTER RESEARCH INC
OFLX,OMEGA FLEX INC
RYAM,RAYONIER ADVANCED MATERIALS INC
SHBI,SHORE BANCSHARES INC
EGHT,8X8 INC
APLD,APPLIED DIGITAL CORP
BOC,BOSTON OMAHA CORP CLASS A
GPMT,GRANITE POINT MORTGAGE TRUST INC
HUMA,HUMACYTE INC
JRVR,JAMES RIVER GROUP HOLDINGS LTD
KALV,KALVISTA PHARMACEUTICALS INC
MVIS,MICROVISION INC
MYPS,PLAYSTUDIOS INC CLASS A
SES,SES AI CORP CLASS A
SLDP,SOLID POWER INC CLASS A
XFOR,X4 PHARMACEUTICALS INC
BMRC,BANK OF MARIN BANCORP
ENFN,ENFUSION INC CLASS A
LXFR,LUXFER HOLDINGS PLC
LUNG,PULMONX CORP
RBBN,RIBBON COMMUNICATIONS INC
TG,TREDEGAR CORP
WALD,WALDENCAST PLC CLASS A
AAN,AARONS COMPANY INC
SLRN,ACELYRIN INC
AGTI,AGILITI INC
AVIR,ATEA PHARMACEUTICALS INC
CERS,CERUS CORP
FLIC,FIRST OF LONG ISLAND CORP
HMST,HOMESTREET INC
KOD,KODIAK SCIENCES INC
NEWT,NEWTEKONE INC
TERN,TERNS PHARMACEUTICALS INC
TWKS,THOUGHTWORKS HOLDING INC
ARAY,ACCURAY INC
BTBT,BIT DIGITAL INC
MODV,MODIVCARE INC
PRME,PRIME MEDICINE INC
SHCR,SHARECARE INC CLASS A
CVGI,COMMERCIAL VEHICLE GROUP INC
GPRO,GOPRO INC CLASS A
QSI,QUANTUM SI INC CLASS A
SFIX,STITCH FIX INC CLASS A
AURA,AURA BIOSCIENCES INC
COMM,COMMSCOPE HOLDING INC
IAUX,I GOLD CORP
JOUT,JOHNSON OUTDOORS INC CLASS A
ACDC,PROFRAC HOLDING CLASS A CORP
VTYX,VENTYX BIOSCIENCES INC
AMPS,ALTUS POWER INC CLASS A
BLDE,BLADE AIR MOBILITY INC CLASS A
CIO,CITY OFFICE REIT INC
NXDT,NEXPOINT DIVERSIFIED REAL ESTATE T
OLPX,OLAPLEX HOLDINGS INC
OMER,OMEROS CORP
CZFS,CITIZENS FINANCIAL SERVICES INC
CMPX,COMPASS THERAPEUTICS
INSE,INSPIRED ENTERTAINMENT INC
PLL,PIEDMONT LITHIUM INC
NRGV,ENERGY VAULT HOLDINGS INC
IRBT,IROBOT CORP
OPRX,OPTIMIZERX CORP
DOMO,DOMO INC CLASS B
SPWR,SUNPOWER
VNDA,VANDA PHARMACEUTICALS INC
MASS,908 DEVICES
ANGO,ANGIODYNAMICS INC
BCBP,BCB BANCORP INC
BRCC,BRC INC CLASS A
CRCT,CRICUT INC CLASS A
GNE,GENIE ENERGY LTD CLASS B
IPI,INTREPID POTASH INC
OOMA,OOMA INC
CDXS,CODEXIS INC
APPS,DIGITAL TURBINE INC
IHRT,IHEARTMEDIA INC CLASS A
INTT,INTEST CORP
TDUP,THREDUP INC CLASS A
INOD,INNODATA INC
ORRF,ORRSTOWN FINANCIAL SERVICES INC
PSTL,POSTAL REALTY TRUST INC CLASS A
XERS,XERIS BIOPHARMA HOLDINGS INC
DM,DESKTOP METAL INC CLASS A
DXLG,DESTINATION XL GROUP INC
HNRG,HALLADOR ENERGY
SMR,NUSCALE POWER CORP CLASS A
SCPH,SCPHARMACEUTICALS INC
ASLE,AERSALE CORP
SSP,EW SCRIPPS CLASS A
WOOF,PETCO HEALTH AND WELLNESS COMPANY
WOW,WIDEOPENWEST INC
ASTS,AST SPACEMOBILE INC CLASS A
BFLY,BUTTERFLY NETWORK INC CLASS A
EVGO,EVGO INC CLASS A
FGEN,FIBROGEN INC
IGMS,IGM BIOSCIENCES INC
ONL,ORION OFFICE REIT INC
TCX,TUCOWS INC
PAHC,PHIBRO ANIMAL HEALTH CORP CLASS A
RAPT,RAPT THERAPEUTICS INC
ALDX,ALDEYRA THERAPEUTICS INC
RMAX,RE MAX HOLDINGS INC CLASS A
TTEC,TTEC HOLDINGS INC
BHR,BRAEMAR HOTELS RESORTS INC
MVST,MICROVAST HOLDINGS INC
SSTI,SOUNDTHINKING INC
FNKO,FUNKO INC CLASS A
PLTK,PLAYTIKA HOLDING CORP
AMWL,AMERICAN WELL CORP CLASS A
IPSC,CENTURY THERAPEUTICS INC
DOUG,DOUGLAS ELLIMAN INC
GEVO,GEVO INC
SPWH,SPORTSMANS WAREHOUSE HOLDINGS INC
CHRS,COHERUS BIOSCIENCES INC
AMLX,AMYLYX PHARMACEUTICALS INC
BIG,BIG LOTS INC
EVC,ENTRAVISION COMMUNICATIONS CORP CL
IMMR,IMMERSION CORP
INGN,INOGEN INC
OTLK,OUTLOOK THERAPEUTICS INC
PLCE,CHILDRENS PLACE INC
LICY,LI CYCLE HOLDINGS CORP
LUNA,LUNA INNOVATIONS INC
TSE,TRINSEO PLC
TBRG,TRUBRIDGE INC
AGEN,AGENUS INC
PRTS,CARPARTS COM INC
DSGN,DESIGN THERAPEUTICS INC
ERAS,ERASCA INC
GNLX,GENELUX CORP
SEER,SEER INC CLASS A
KPTI,KARYOPHARM THERAPEUTICS INC
ME,23ANDME HOLDING CLASS A
ARD,ARDAGH GROUP SA CLASS A
WISH,CONTEXTLOGIC INC CLASS A
EOSE,EOS ENERGY ENTERPRISES INC CLASS A
NGM,NGM BIOPHARMACEUTICALS INC
ALLK,ALLAKOS INC
CARM,CARISMA THERAPEUTICS INC
STHO,STAR HOLDINGS SHARES OF BENEFICIAL
TPIC,TPI COMPOSITES INC
BLNK,BLINK CHARGING
DNMR,DANIMER SCIENTIFIC INC CLASS A
EBS,EMERGENT BIOSOLUTIONS INC
SCLX,SCILEX HOLDING
WW,WW INTERNATIONAL INC
MOND,MONDEE HOLDINGS INC CLASS A
ASUR,ASURE SOFTWARE INC
CBAN,COLONY BANKCORP INC
CMTL,COMTECH TELECOMMUNICATIONS CORP
EXFY,EXPENSIFY INC CLASS A
OM,OUTSET MEDICAL INC
PETS,PETMED EXPRESS INC
OPI,OFFICE PROPERTIES INCOME TRUST
PROK,PROKIDNEY CORP CLASS A
VUZI,VUZIX CORP
BIRD,ALLBIRDS INC CLASS A
GWH,ESS TECH INC
SGMO,SANGAMO THERAPEUTICS INC
TCBX,THIRD COAST BANCSHARES INC
ACRS,ACLARIS THERAPEUTICS INC
BLUE,BLUEBIRD BIO INC
MAXN,MAXEON SOLAR TECHNOLOGIES LTD
VTNR,VERTEX ENERGY INC
ACET,ADICET BIO INC
AKTS,AKOUSTIS TECHNOLOGIES INC
EGRX,EAGLE PHARMACEUTICALS INC
MURA,MURAL ONCOLOGY PLC
BW,BABCOCK AND WILCOX ENTERPRISES INC
CMBM,CAMBIUM NETWORKS CORP
ASRT,ASSERTIO HOLDINGS INC
ATRA,ATARA BIOTHERAPEUTICS INC
BOWL,BOWLERO CORP CLASS A
LPSN,LIVEPERSON INC
ORGN,ORIGIN MATERIALS INC CLASS A
FEAM,5E ADVANCED MATERIALS INC
WLLAW,CHORD ENERGY EQUITY WARRANTS EXP S
OB,OUTBRAIN INC
PMVP,PMV PHARMACEUTICALS INC
MCRB,SERES THERAPEUTICS INC
BHIL,BENSON HILL INC
CPS,COOPER STANDARD HOLDINGS INC
KZR,KEZAR LIFE SCIENCES INC
BTAI,BIOXCEL THERAPEUTICS INC
CARA,CARA THERAPEUTICS INC
WKHS,WORKHORSE GROUP INC
TWOU,2U INC
ADRO,CHINOOK THERAPEUTICS INC
WLLBW,CHORD ENERGY EQUITY WARRANTS SERIE
CUTR,CUTERA INC
CMAX,CAREMAX INC CLASS A
ADRO,CHINOOK THERAPEUTICS INC CVR
GTXI,GTXI INC - CVR
--,NEXPOINT STRATEGIC CASH ACCRUAL
--,EMPIRE RESORT ESCROW
--,ESC GCI LIBERTY INC SR ESCROW
--,OMNIAB INC $12.50 VESTING Prvt
--,OMNIAB INC $15.00 VESTING Prvt
P5N994,Petrocorp Inc Escrow
RTYM4,RUSSELL 2000 EMINI CME JUN 24
ESM4,S&P500 EMINI JUN 24